nm,HL,LL,HL_2,LL_2,HL_UB,HL_LB,LL_UB,LL_LB
400,1.67E-08,5.14E-08,2.42E-08,6.39E-08,1.7664E-08,1.57141E-08,5.277E-08,4.996E-08
401,1.72E-08,5.21E-08,2.49E-08,6.51E-08,1.82035E-08,1.60989E-08,5.318E-08,5.098E-08
402,1.76E-08,5.27E-08,2.54E-08,6.63E-08,1.86383E-08,1.64871E-08,5.329E-08,5.214E-08
403,1.80E-08,5.41E-08,2.61E-08,6.72E-08,1.91996E-08,1.67089E-08,5.437E-08,5.386E-08
404,1.83E-08,5.54E-08,2.66E-08,6.84E-08,1.94722E-08,1.71652E-08,5.605E-08,5.471E-08
405,1.90E-08,5.65E-08,2.74E-08,6.98E-08,2.0338E-08,1.76275E-08,5.716E-08,5.591E-08
406,1.95E-08,5.84E-08,2.82E-08,7.14E-08,2.09874E-08,1.80728E-08,5.972E-08,5.704E-08
407,1.99E-08,5.89E-08,2.90E-08,7.29E-08,2.15155E-08,1.82597E-08,6.023E-08,5.752E-08
408,2.03E-08,6.02E-08,2.98E-08,7.51E-08,2.19298E-08,1.86923E-08,6.067E-08,5.969E-08
409,2.10E-08,6.20E-08,3.05E-08,7.73E-08,2.2882E-08,1.9124E-08,6.277E-08,6.114E-08
410,2.15E-08,6.34E-08,3.14E-08,7.91E-08,2.33526E-08,1.97296E-08,6.459E-08,6.227E-08
411,2.20E-08,6.48E-08,3.19E-08,8.16E-08,2.39709E-08,2.01162E-08,6.632E-08,6.320E-08
412,2.25E-08,6.65E-08,3.24E-08,8.29E-08,2.43852E-08,2.0621E-08,6.935E-08,6.369E-08
413,2.30E-08,6.80E-08,3.27E-08,8.40E-08,2.49412E-08,2.1108E-08,7.187E-08,6.405E-08
414,2.35E-08,6.93E-08,3.31E-08,8.42E-08,2.52969E-08,2.17103E-08,7.382E-08,6.474E-08
415,2.38E-08,7.03E-08,3.33E-08,8.42E-08,2.56196E-08,2.19872E-08,7.487E-08,6.572E-08
416,2.41E-08,7.09E-08,3.36E-08,8.41E-08,2.57219E-08,2.25441E-08,7.582E-08,6.603E-08
417,2.45E-08,7.16E-08,3.38E-08,8.43E-08,2.61248E-08,2.28872E-08,7.615E-08,6.701E-08
418,2.47E-08,7.29E-08,3.39E-08,8.40E-08,2.60873E-08,2.34071E-08,7.791E-08,6.782E-08
419,2.50E-08,7.32E-08,3.43E-08,8.44E-08,2.63994E-08,2.36269E-08,7.815E-08,6.827E-08
420,2.54E-08,7.37E-08,3.45E-08,8.47E-08,2.67336E-08,2.41252E-08,7.806E-08,6.938E-08
421,2.58E-08,7.47E-08,3.51E-08,8.45E-08,2.72121E-08,2.44792E-08,7.835E-08,7.112E-08
422,2.62E-08,7.51E-08,3.57E-08,8.56E-08,2.74769E-08,2.49078E-08,7.855E-08,7.157E-08
423,2.64E-08,7.53E-08,3.64E-08,8.58E-08,2.78395E-08,2.50277E-08,7.728E-08,7.341E-08
424,2.68E-08,7.62E-08,3.69E-08,8.69E-08,2.83492E-08,2.51781E-08,7.631E-08,7.610E-08
425,2.73E-08,7.68E-08,3.77E-08,8.76E-08,2.91926E-08,2.53463E-08,7.888E-08,7.480E-08
426,2.76E-08,7.71E-08,3.83E-08,8.89E-08,2.94511E-08,2.58232E-08,7.930E-08,7.483E-08
427,2.80E-08,7.74E-08,3.90E-08,8.99E-08,2.9797E-08,2.61158E-08,8.106E-08,7.375E-08
428,2.83E-08,7.90E-08,3.96E-08,9.11E-08,3.01057E-08,2.6431E-08,8.420E-08,7.390E-08
429,2.89E-08,8.06E-08,4.00E-08,9.18E-08,3.09074E-08,2.68838E-08,8.549E-08,7.576E-08
430,2.91E-08,8.23E-08,4.04E-08,9.29E-08,3.12499E-08,2.69522E-08,8.840E-08,7.613E-08
431,2.95E-08,8.31E-08,4.09E-08,9.46E-08,3.15787E-08,2.73293E-08,8.899E-08,7.715E-08
432,2.97E-08,8.48E-08,4.15E-08,9.61E-08,3.17192E-08,2.7765E-08,8.970E-08,7.996E-08
433,3.03E-08,8.62E-08,4.18E-08,9.81E-08,3.22093E-08,2.83635E-08,8.931E-08,8.303E-08
434,3.07E-08,8.65E-08,4.20E-08,1.00E-07,3.2508E-08,2.89305E-08,9.101E-08,8.204E-08
435,3.11E-08,8.73E-08,4.23E-08,1.02E-07,3.30085E-08,2.91892E-08,9.267E-08,8.194E-08
436,3.15E-08,8.85E-08,4.28E-08,1.03E-07,3.34454E-08,2.95405E-08,9.359E-08,8.349E-08
437,3.18E-08,9.01E-08,4.32E-08,1.05E-07,3.38727E-08,2.9694E-08,9.512E-08,8.500E-08
438,3.19E-08,9.01E-08,4.33E-08,1.06E-07,3.39384E-08,2.98833E-08,9.457E-08,8.560E-08
439,3.19E-08,8.97E-08,4.34E-08,1.06E-07,3.41924E-08,2.96615E-08,9.282E-08,8.649E-08
440,3.18E-08,8.93E-08,4.33E-08,1.05E-07,3.41425E-08,2.94041E-08,9.188E-08,8.675E-08
441,3.16E-08,8.81E-08,4.34E-08,1.04E-07,3.40394E-08,2.9159E-08,9.058E-08,8.569E-08
442,3.14E-08,8.66E-08,4.28E-08,1.03E-07,3.3524E-08,2.92438E-08,8.907E-08,8.408E-08
443,3.09E-08,8.52E-08,4.23E-08,1.01E-07,3.31155E-08,2.8674E-08,8.950E-08,8.086E-08
444,3.04E-08,8.46E-08,4.16E-08,9.87E-08,3.25952E-08,2.82517E-08,8.879E-08,8.036E-08
445,2.98E-08,8.37E-08,4.09E-08,9.65E-08,3.19823E-08,2.76648E-08,8.748E-08,7.993E-08
446,2.90E-08,8.26E-08,3.98E-08,9.46E-08,3.10494E-08,2.68584E-08,8.763E-08,7.755E-08
447,2.83E-08,8.10E-08,3.89E-08,9.30E-08,3.00893E-08,2.6506E-08,8.430E-08,7.771E-08
448,2.76E-08,8.01E-08,3.78E-08,9.04E-08,2.91637E-08,2.5939E-08,8.195E-08,7.818E-08
449,2.70E-08,7.81E-08,3.67E-08,8.89E-08,2.84025E-08,2.56675E-08,8.028E-08,7.594E-08
450,2.64E-08,7.65E-08,3.61E-08,8.74E-08,2.75906E-08,2.5206E-08,8.054E-08,7.238E-08
451,2.58E-08,7.62E-08,3.55E-08,8.64E-08,2.70106E-08,2.45749E-08,8.046E-08,7.195E-08
452,2.53E-08,7.52E-08,3.52E-08,8.56E-08,2.64913E-08,2.41519E-08,7.939E-08,7.103E-08
453,2.49E-08,7.40E-08,3.46E-08,8.46E-08,2.61681E-08,2.35914E-08,7.821E-08,6.984E-08
454,2.44E-08,7.36E-08,3.42E-08,8.38E-08,2.58094E-08,2.30643E-08,7.703E-08,7.016E-08
455,2.41E-08,7.26E-08,3.39E-08,8.27E-08,2.55657E-08,2.26367E-08,7.591E-08,6.935E-08
456,2.37E-08,7.24E-08,3.39E-08,8.13E-08,2.51122E-08,2.23336E-08,7.507E-08,6.982E-08
457,2.34E-08,7.11E-08,3.36E-08,8.07E-08,2.49034E-08,2.19101E-08,7.287E-08,6.943E-08
458,2.32E-08,7.06E-08,3.32E-08,7.93E-08,2.46338E-08,2.17769E-08,7.121E-08,7.000E-08
459,2.29E-08,6.95E-08,3.28E-08,7.83E-08,2.44271E-08,2.14426E-08,7.089E-08,6.817E-08
460,2.27E-08,6.86E-08,3.23E-08,7.78E-08,2.41676E-08,2.11611E-08,7.091E-08,6.634E-08
461,2.23E-08,6.80E-08,3.18E-08,7.71E-08,2.37361E-08,2.08648E-08,7.056E-08,6.550E-08
462,2.20E-08,6.70E-08,3.12E-08,7.62E-08,2.34577E-08,2.06009E-08,6.890E-08,6.503E-08
463,2.16E-08,6.62E-08,3.08E-08,7.56E-08,2.28473E-08,2.03694E-08,6.804E-08,6.436E-08
464,2.13E-08,6.57E-08,3.03E-08,7.47E-08,2.25522E-08,1.99778E-08,6.651E-08,6.489E-08
465,2.09E-08,6.45E-08,3.00E-08,7.46E-08,2.21413E-08,1.97518E-08,6.492E-08,6.411E-08
466,2.07E-08,6.34E-08,2.97E-08,7.42E-08,2.1917E-08,1.94204E-08,6.434E-08,6.247E-08
467,2.03E-08,6.22E-08,2.94E-08,7.40E-08,2.16483E-08,1.90285E-08,6.352E-08,6.089E-08
468,2.00E-08,6.06E-08,2.89E-08,7.33E-08,2.11727E-08,1.8737E-08,6.268E-08,5.857E-08
469,1.96E-08,5.91E-08,2.84E-08,7.24E-08,2.07295E-08,1.84028E-08,6.151E-08,5.677E-08
470,1.92E-08,5.89E-08,2.78E-08,7.13E-08,2.0399E-08,1.80639E-08,6.163E-08,5.609E-08
471,1.88E-08,5.75E-08,2.72E-08,6.97E-08,1.98425E-08,1.78213E-08,6.050E-08,5.459E-08
472,1.84E-08,5.64E-08,2.69E-08,6.81E-08,1.94172E-08,1.7446E-08,5.960E-08,5.327E-08
473,1.82E-08,5.47E-08,2.63E-08,6.68E-08,1.93034E-08,1.71386E-08,5.813E-08,5.125E-08
474,1.80E-08,5.37E-08,2.57E-08,6.54E-08,1.89916E-08,1.69865E-08,5.761E-08,4.980E-08
475,1.78E-08,5.20E-08,2.51E-08,6.40E-08,1.87348E-08,1.67911E-08,5.503E-08,4.899E-08
476,1.75E-08,5.09E-08,2.47E-08,6.25E-08,1.84503E-08,1.64769E-08,5.396E-08,4.784E-08
477,1.73E-08,5.02E-08,2.42E-08,6.10E-08,1.83003E-08,1.62789E-08,5.328E-08,4.718E-08
478,1.71E-08,4.94E-08,2.39E-08,5.97E-08,1.80756E-08,1.60706E-08,5.158E-08,4.718E-08
479,1.69E-08,4.90E-08,2.35E-08,5.84E-08,1.78482E-08,1.58887E-08,5.067E-08,4.724E-08
480,1.68E-08,4.89E-08,2.32E-08,5.71E-08,1.77533E-08,1.57689E-08,5.088E-08,4.689E-08
481,1.67E-08,4.83E-08,2.31E-08,5.61E-08,1.76629E-08,1.56428E-08,5.003E-08,4.664E-08
482,1.66E-08,4.82E-08,2.31E-08,5.51E-08,1.75725E-08,1.5625E-08,4.972E-08,4.659E-08
483,1.65E-08,4.80E-08,2.31E-08,5.46E-08,1.74871E-08,1.56066E-08,4.954E-08,4.640E-08
484,1.65E-08,4.78E-08,2.31E-08,5.42E-08,1.74545E-08,1.56184E-08,4.933E-08,4.621E-08
485,1.65E-08,4.77E-08,2.31E-08,5.39E-08,1.7481E-08,1.56106E-08,4.921E-08,4.617E-08
486,1.66E-08,4.79E-08,2.30E-08,5.38E-08,1.74625E-08,1.56528E-08,4.937E-08,4.637E-08
487,1.65E-08,4.80E-08,2.31E-08,5.35E-08,1.74202E-08,1.56773E-08,4.924E-08,4.675E-08
488,1.66E-08,4.78E-08,2.34E-08,5.35E-08,1.76117E-08,1.56719E-08,4.905E-08,4.650E-08
489,1.68E-08,4.77E-08,2.35E-08,5.35E-08,1.7817E-08,1.58319E-08,4.866E-08,4.667E-08
490,1.69E-08,4.78E-08,2.36E-08,5.40E-08,1.78474E-08,1.59369E-08,4.897E-08,4.658E-08
491,1.69E-08,4.74E-08,2.35E-08,5.41E-08,1.77865E-08,1.59985E-08,4.857E-08,4.618E-08
492,1.69E-08,4.73E-08,2.37E-08,5.42E-08,1.7752E-08,1.60215E-08,4.878E-08,4.583E-08
493,1.68E-08,4.71E-08,2.35E-08,5.45E-08,1.75647E-08,1.6035E-08,4.851E-08,4.563E-08
494,1.67E-08,4.67E-08,2.33E-08,5.43E-08,1.75192E-08,1.58417E-08,4.779E-08,4.553E-08
495,1.66E-08,4.66E-08,2.31E-08,5.45E-08,1.75138E-08,1.56982E-08,4.746E-08,4.583E-08
496,1.64E-08,4.69E-08,2.27E-08,5.44E-08,1.73644E-08,1.55077E-08,4.746E-08,4.634E-08
497,1.63E-08,4.72E-08,2.24E-08,5.45E-08,1.72204E-08,1.53208E-08,4.768E-08,4.677E-08
498,1.61E-08,4.72E-08,2.20E-08,5.39E-08,1.71333E-08,1.51072E-08,4.848E-08,4.597E-08
499,1.59E-08,4.71E-08,2.15E-08,5.37E-08,1.69645E-08,1.48011E-08,4.842E-08,4.584E-08
500,1.55E-08,4.68E-08,2.11E-08,5.35E-08,1.66807E-08,1.44137E-08,4.830E-08,4.527E-08
501,1.53E-08,4.63E-08,2.04E-08,5.35E-08,1.64491E-08,1.41189E-08,4.783E-08,4.480E-08
502,1.51E-08,4.60E-08,1.99E-08,5.29E-08,1.61974E-08,1.39248E-08,4.773E-08,4.435E-08
503,1.47E-08,4.57E-08,1.95E-08,5.19E-08,1.58199E-08,1.35978E-08,4.750E-08,4.395E-08
504,1.45E-08,4.52E-08,1.91E-08,5.12E-08,1.5561E-08,1.33611E-08,4.773E-08,4.274E-08
505,1.41E-08,4.48E-08,1.87E-08,5.06E-08,1.51586E-08,1.30989E-08,4.769E-08,4.181E-08
506,1.39E-08,4.41E-08,1.82E-08,4.97E-08,1.47871E-08,1.29384E-08,4.766E-08,4.061E-08
507,1.36E-08,4.33E-08,1.78E-08,4.90E-08,1.44408E-08,1.27859E-08,4.686E-08,3.978E-08
508,1.34E-08,4.23E-08,1.76E-08,4.80E-08,1.4203E-08,1.25544E-08,4.558E-08,3.912E-08
509,1.31E-08,4.14E-08,1.71E-08,4.73E-08,1.38555E-08,1.2424E-08,4.451E-08,3.834E-08
510,1.29E-08,4.04E-08,1.67E-08,4.67E-08,1.36261E-08,1.21808E-08,4.316E-08,3.769E-08
511,1.27E-08,3.97E-08,1.63E-08,4.64E-08,1.3434E-08,1.20194E-08,4.232E-08,3.715E-08
512,1.25E-08,3.92E-08,1.59E-08,4.56E-08,1.31807E-08,1.17636E-08,4.201E-08,3.639E-08
513,1.23E-08,3.88E-08,1.56E-08,4.51E-08,1.29751E-08,1.15738E-08,4.155E-08,3.597E-08
514,1.21E-08,3.79E-08,1.51E-08,4.41E-08,1.28404E-08,1.14117E-08,4.086E-08,3.500E-08
515,1.19E-08,3.76E-08,1.48E-08,4.37E-08,1.26527E-08,1.12377E-08,3.968E-08,3.552E-08
516,1.17E-08,3.71E-08,1.46E-08,4.35E-08,1.24482E-08,1.10113E-08,3.891E-08,3.539E-08
517,1.15E-08,3.66E-08,1.42E-08,4.32E-08,1.2239E-08,1.08226E-08,3.785E-08,3.529E-08
518,1.13E-08,3.62E-08,1.41E-08,4.25E-08,1.19273E-08,1.06767E-08,3.739E-08,3.496E-08
519,1.11E-08,3.60E-08,1.38E-08,4.20E-08,1.16467E-08,1.04711E-08,3.707E-08,3.493E-08
520,1.09E-08,3.59E-08,1.37E-08,4.15E-08,1.14638E-08,1.03614E-08,3.709E-08,3.470E-08
521,1.07E-08,3.56E-08,1.34E-08,4.09E-08,1.12813E-08,1.01995E-08,3.675E-08,3.449E-08
522,1.06E-08,3.55E-08,1.31E-08,4.00E-08,1.11353E-08,1.01227E-08,3.650E-08,3.441E-08
523,1.05E-08,3.51E-08,1.28E-08,3.93E-08,1.10302E-08,9.99284E-09,3.604E-08,3.409E-08
524,1.04E-08,3.44E-08,1.25E-08,3.85E-08,1.09357E-08,9.87149E-09,3.538E-08,3.335E-08
525,1.03E-08,3.38E-08,1.22E-08,3.78E-08,1.07287E-08,9.78215E-09,3.487E-08,3.272E-08
526,1.01E-08,3.33E-08,1.18E-08,3.72E-08,1.05064E-08,9.59736E-09,3.440E-08,3.214E-08
527,9.91E-09,3.28E-08,1.16E-08,3.63E-08,1.03613E-08,9.4553E-09,3.397E-08,3.166E-08
528,9.73E-09,3.25E-08,1.14E-08,3.56E-08,1.02007E-08,9.26243E-09,3.348E-08,3.147E-08
529,9.63E-09,3.22E-08,1.12E-08,3.48E-08,1.01272E-08,9.12362E-09,3.317E-08,3.119E-08
530,9.52E-09,3.15E-08,1.09E-08,3.39E-08,1.00586E-08,8.99133E-09,3.261E-08,3.045E-08
531,9.37E-09,3.11E-08,1.08E-08,3.31E-08,9.92284E-09,8.82004E-09,3.175E-08,3.045E-08
532,9.13E-09,3.07E-08,1.07E-08,3.23E-08,9.68745E-09,8.57862E-09,3.138E-08,3.007E-08
533,8.93E-09,3.03E-08,1.06E-08,3.17E-08,9.43063E-09,8.4313E-09,3.080E-08,2.978E-08
534,8.78E-09,2.99E-08,1.04E-08,3.12E-08,9.28124E-09,8.28744E-09,3.056E-08,2.919E-08
535,8.67E-09,2.96E-08,1.03E-08,3.07E-08,9.21851E-09,8.12621E-09,3.028E-08,2.884E-08
536,8.52E-09,2.90E-08,1.01E-08,3.02E-08,9.06051E-09,7.96974E-09,2.979E-08,2.814E-08
537,8.37E-09,2.85E-08,9.93E-09,2.97E-08,8.90773E-09,7.82912E-09,2.944E-08,2.756E-08
538,8.22E-09,2.80E-08,9.65E-09,2.91E-08,8.71564E-09,7.71752E-09,2.905E-08,2.695E-08
539,8.12E-09,2.74E-08,9.38E-09,2.86E-08,8.59422E-09,7.64457E-09,2.862E-08,2.621E-08
540,8.04E-09,2.68E-08,9.17E-09,2.82E-08,8.5109E-09,7.56677E-09,2.801E-08,2.565E-08
541,7.86E-09,2.64E-08,8.94E-09,2.80E-08,8.26184E-09,7.46575E-09,2.745E-08,2.526E-08
542,7.75E-09,2.58E-08,8.75E-09,2.76E-08,8.13738E-09,7.36887E-09,2.676E-08,2.474E-08
543,7.63E-09,2.53E-08,8.58E-09,2.71E-08,7.99506E-09,7.27324E-09,2.619E-08,2.435E-08
544,7.48E-09,2.47E-08,8.47E-09,2.69E-08,7.80949E-09,7.14735E-09,2.538E-08,2.406E-08
545,7.38E-09,2.43E-08,8.21E-09,2.63E-08,7.80705E-09,6.96094E-09,2.501E-08,2.350E-08
546,7.28E-09,2.37E-08,8.01E-09,2.59E-08,7.77546E-09,6.79331E-09,2.433E-08,2.309E-08
547,7.07E-09,2.31E-08,7.85E-09,2.54E-08,7.58378E-09,6.55845E-09,2.345E-08,2.273E-08
548,6.92E-09,2.26E-08,7.75E-09,2.50E-08,7.43239E-09,6.40751E-09,2.287E-08,2.227E-08
549,6.79E-09,2.20E-08,7.69E-09,2.46E-08,7.30876E-09,6.27947E-09,2.223E-08,2.183E-08
550,6.64E-09,2.16E-08,7.64E-09,2.40E-08,7.15346E-09,6.12524E-09,2.216E-08,2.107E-08
551,6.53E-09,2.11E-08,7.47E-09,2.36E-08,7.0914E-09,5.96232E-09,2.185E-08,2.037E-08
552,6.34E-09,2.05E-08,7.28E-09,2.30E-08,6.81464E-09,5.85719E-09,2.128E-08,1.965E-08
553,6.16E-09,2.00E-08,7.07E-09,2.21E-08,6.59272E-09,5.73311E-09,2.087E-08,1.914E-08
554,5.96E-09,1.92E-08,6.83E-09,2.13E-08,6.42777E-09,5.48546E-09,2.022E-08,1.826E-08
555,5.75E-09,1.86E-08,6.66E-09,2.05E-08,6.19372E-09,5.31598E-09,1.972E-08,1.754E-08
556,5.63E-09,1.82E-08,6.43E-09,1.99E-08,6.08242E-09,5.18332E-09,1.943E-08,1.699E-08
557,5.46E-09,1.76E-08,6.27E-09,1.93E-08,5.82003E-09,5.09858E-09,1.890E-08,1.622E-08
558,5.35E-09,1.69E-08,6.01E-09,1.85E-08,5.68499E-09,5.01553E-09,1.823E-08,1.552E-08
559,5.16E-09,1.63E-08,5.79E-09,1.80E-08,5.41165E-09,4.90671E-09,1.761E-08,1.503E-08
560,4.97E-09,1.57E-08,5.55E-09,1.72E-08,5.20552E-09,4.74419E-09,1.689E-08,1.444E-08
561,4.89E-09,1.51E-08,5.33E-09,1.66E-08,5.20388E-09,4.57063E-09,1.622E-08,1.398E-08
562,4.69E-09,1.45E-08,5.16E-09,1.60E-08,4.9913E-09,4.39008E-09,1.555E-08,1.353E-08
563,4.52E-09,1.41E-08,5.01E-09,1.55E-08,4.81747E-09,4.21494E-09,1.499E-08,1.328E-08
564,4.44E-09,1.36E-08,4.89E-09,1.51E-08,4.75498E-09,4.12888E-09,1.427E-08,1.296E-08
565,4.34E-09,1.33E-08,4.82E-09,1.46E-08,4.58767E-09,4.0879E-09,1.400E-08,1.256E-08
566,4.23E-09,1.29E-08,4.78E-09,1.43E-08,4.37456E-09,4.08981E-09,1.383E-08,1.202E-08
567,4.23E-09,1.27E-08,4.71E-09,1.41E-08,4.37689E-09,4.08541E-09,1.350E-08,1.180E-08
568,4.20E-09,1.24E-08,4.66E-09,1.40E-08,4.31032E-09,4.0981E-09,1.318E-08,1.166E-08
569,4.16E-09,1.24E-08,4.69E-09,1.39E-08,4.30568E-09,4.00884E-09,1.321E-08,1.157E-08
570,4.16E-09,1.22E-08,4.75E-09,1.39E-08,4.4023E-09,3.92122E-09,1.291E-08,1.141E-08
571,4.21E-09,1.22E-08,4.85E-09,1.40E-08,4.43553E-09,3.97865E-09,1.297E-08,1.142E-08
572,4.23E-09,1.21E-08,4.81E-09,1.41E-08,4.38714E-09,4.08072E-09,1.300E-08,1.127E-08
573,4.26E-09,1.20E-08,4.95E-09,1.41E-08,4.40627E-09,4.11563E-09,1.274E-08,1.129E-08
574,4.27E-09,1.19E-08,4.91E-09,1.41E-08,4.44944E-09,4.0837E-09,1.255E-08,1.135E-08
575,4.26E-09,1.19E-08,4.96E-09,1.39E-08,4.45295E-09,4.06292E-09,1.251E-08,1.121E-08
576,4.25E-09,1.17E-08,5.02E-09,1.37E-08,4.47016E-09,4.02889E-09,1.242E-08,1.101E-08
577,4.30E-09,1.17E-08,4.95E-09,1.38E-08,4.68636E-09,3.91055E-09,1.194E-08,1.140E-08
578,4.15E-09,1.17E-08,4.90E-09,1.39E-08,4.56542E-09,3.73781E-09,1.198E-08,1.138E-08
579,4.07E-09,1.15E-08,4.82E-09,1.40E-08,4.49926E-09,3.64936E-09,1.172E-08,1.136E-08
580,4.09E-09,1.15E-08,4.73E-09,1.40E-08,4.47137E-09,3.71531E-09,1.162E-08,1.134E-08
581,4.14E-09,1.15E-08,4.61E-09,1.38E-08,4.51851E-09,3.76272E-09,1.170E-08,1.135E-08
582,4.21E-09,1.14E-08,4.53E-09,1.36E-08,4.51562E-09,3.90346E-09,1.174E-08,1.110E-08
583,4.28E-09,1.15E-08,4.44E-09,1.37E-08,4.55236E-09,4.00482E-09,1.163E-08,1.134E-08
584,4.30E-09,1.17E-08,4.30E-09,1.37E-08,4.58072E-09,4.02353E-09,1.172E-08,1.165E-08
585,4.30E-09,1.18E-08,4.29E-09,1.37E-08,4.52153E-09,4.08034E-09,1.208E-08,1.157E-08
586,4.33E-09,1.19E-08,4.23E-09,1.34E-08,4.45088E-09,4.20861E-09,1.228E-08,1.144E-08
587,4.30E-09,1.19E-08,4.25E-09,1.32E-08,4.44033E-09,4.16909E-09,1.237E-08,1.143E-08
588,4.31E-09,1.19E-08,4.22E-09,1.30E-08,4.49835E-09,4.11927E-09,1.226E-08,1.153E-08
589,4.29E-09,1.18E-08,4.30E-09,1.29E-08,4.47265E-09,4.10864E-09,1.216E-08,1.150E-08
590,4.20E-09,1.17E-08,4.36E-09,1.27E-08,4.44717E-09,3.95868E-09,1.222E-08,1.113E-08
591,4.16E-09,1.16E-08,4.50E-09,1.26E-08,4.46895E-09,3.85835E-09,1.224E-08,1.093E-08
592,4.13E-09,1.13E-08,4.61E-09,1.25E-08,4.52438E-09,3.72924E-09,1.195E-08,1.071E-08
593,4.11E-09,1.11E-08,4.70E-09,1.26E-08,4.51878E-09,3.71049E-09,1.174E-08,1.054E-08
594,4.01E-09,1.11E-08,4.83E-09,1.28E-08,4.3733E-09,3.64863E-09,1.177E-08,1.050E-08
595,4.01E-09,1.10E-08,4.91E-09,1.27E-08,4.35259E-09,3.66002E-09,1.161E-08,1.042E-08
596,3.95E-09,1.10E-08,4.96E-09,1.26E-08,4.26683E-09,3.62356E-09,1.138E-08,1.053E-08
597,3.90E-09,1.07E-08,4.86E-09,1.23E-08,4.19427E-09,3.59647E-09,1.102E-08,1.030E-08
598,3.83E-09,1.06E-08,4.89E-09,1.22E-08,4.08303E-09,3.57056E-09,1.087E-08,1.033E-08
599,3.68E-09,1.04E-08,4.80E-09,1.23E-08,3.93383E-09,3.43433E-09,1.091E-08,9.898E-09
600,3.64E-09,1.04E-08,4.70E-09,1.20E-08,3.93926E-09,3.33602E-09,1.081E-08,9.899E-09
601,3.65E-09,1.03E-08,4.56E-09,1.18E-08,3.90566E-09,3.39062E-09,1.078E-08,9.866E-09
602,3.62E-09,1.03E-08,4.49E-09,1.18E-08,3.79542E-09,3.43939E-09,1.092E-08,9.755E-09
603,3.56E-09,1.03E-08,4.31E-09,1.19E-08,3.73208E-09,3.39015E-09,1.069E-08,9.845E-09
604,3.60E-09,1.04E-08,4.24E-09,1.21E-08,3.81281E-09,3.38489E-09,1.063E-08,1.017E-08
605,3.65E-09,1.04E-08,4.28E-09,1.22E-08,3.96757E-09,3.33644E-09,1.063E-08,1.022E-08
606,3.77E-09,1.06E-08,4.38E-09,1.24E-08,4.07698E-09,3.45752E-09,1.092E-08,1.037E-08
607,3.83E-09,1.09E-08,4.39E-09,1.26E-08,4.19884E-09,3.46951E-09,1.127E-08,1.056E-08
608,3.95E-09,1.10E-08,4.43E-09,1.27E-08,4.33735E-09,3.56066E-09,1.152E-08,1.050E-08
609,4.04E-09,1.14E-08,4.58E-09,1.30E-08,4.48091E-09,3.60826E-09,1.207E-08,1.081E-08
610,4.22E-09,1.20E-08,4.73E-09,1.35E-08,4.62444E-09,3.80841E-09,1.252E-08,1.141E-08
611,4.35E-09,1.23E-08,4.95E-09,1.39E-08,4.68366E-09,4.02317E-09,1.304E-08,1.165E-08
612,4.37E-09,1.26E-08,5.06E-09,1.41E-08,4.52456E-09,4.20707E-09,1.328E-08,1.195E-08
613,4.39E-09,1.29E-08,5.18E-09,1.39E-08,4.62386E-09,4.15419E-09,1.370E-08,1.211E-08
614,4.41E-09,1.32E-08,5.43E-09,1.42E-08,4.7636E-09,4.06457E-09,1.375E-08,1.268E-08
615,4.46E-09,1.32E-08,5.51E-09,1.42E-08,4.76925E-09,4.15161E-09,1.393E-08,1.249E-08
616,4.61E-09,1.32E-08,5.55E-09,1.48E-08,4.94783E-09,4.27335E-09,1.375E-08,1.269E-08
617,4.69E-09,1.35E-08,5.64E-09,1.55E-08,5.00121E-09,4.37466E-09,1.380E-08,1.312E-08
618,4.74E-09,1.37E-08,5.94E-09,1.61E-08,5.11223E-09,4.35889E-09,1.398E-08,1.332E-08
619,4.76E-09,1.36E-08,5.99E-09,1.66E-08,5.12142E-09,4.40126E-09,1.385E-08,1.336E-08
620,4.86E-09,1.39E-08,6.18E-09,1.71E-08,5.18413E-09,4.53956E-09,1.402E-08,1.382E-08
621,4.97E-09,1.40E-08,6.31E-09,1.74E-08,5.3465E-09,4.58618E-09,1.436E-08,1.361E-08
622,5.09E-09,1.42E-08,6.40E-09,1.78E-08,5.44768E-09,4.72487E-09,1.463E-08,1.383E-08
623,5.18E-09,1.45E-08,6.50E-09,1.82E-08,5.65606E-09,4.70831E-09,1.502E-08,1.391E-08
624,5.23E-09,1.46E-08,6.57E-09,1.84E-08,5.62054E-09,4.83295E-09,1.523E-08,1.387E-08
625,5.29E-09,1.51E-08,6.71E-09,1.85E-08,5.64654E-09,4.94138E-09,1.573E-08,1.445E-08
626,5.53E-09,1.54E-08,6.78E-09,1.86E-08,5.8248E-09,5.23029E-09,1.618E-08,1.468E-08
627,5.58E-09,1.56E-08,6.69E-09,1.85E-08,5.81689E-09,5.3353E-09,1.631E-08,1.490E-08
628,5.58E-09,1.56E-08,6.60E-09,1.82E-08,5.81021E-09,5.34502E-09,1.635E-08,1.490E-08
629,5.80E-09,1.57E-08,6.72E-09,1.77E-08,6.08429E-09,5.51725E-09,1.646E-08,1.501E-08
630,5.94E-09,1.57E-08,6.92E-09,1.76E-08,6.27441E-09,5.60019E-09,1.628E-08,1.508E-08
631,6.15E-09,1.58E-08,6.74E-09,1.72E-08,6.48257E-09,5.82116E-09,1.638E-08,1.521E-08
632,6.27E-09,1.59E-08,6.76E-09,1.76E-08,6.60145E-09,5.94757E-09,1.618E-08,1.554E-08
633,6.29E-09,1.60E-08,6.71E-09,1.71E-08,6.64117E-09,5.94746E-09,1.645E-08,1.550E-08
634,6.25E-09,1.61E-08,6.80E-09,1.66E-08,6.62739E-09,5.86697E-09,1.614E-08,1.596E-08
635,6.25E-09,1.60E-08,6.71E-09,1.64E-08,6.56287E-09,5.9326E-09,1.614E-08,1.588E-08
636,6.24E-09,1.63E-08,6.52E-09,1.65E-08,6.57854E-09,5.90408E-09,1.655E-08,1.604E-08
637,6.24E-09,1.65E-08,6.55E-09,1.68E-08,6.7577E-09,5.72274E-09,1.702E-08,1.593E-08
638,6.19E-09,1.65E-08,6.62E-09,1.68E-08,6.62721E-09,5.75166E-09,1.742E-08,1.561E-08
639,6.13E-09,1.67E-08,6.53E-09,1.73E-08,6.56706E-09,5.69305E-09,1.792E-08,1.551E-08
640,6.00E-09,1.68E-08,6.53E-09,1.76E-08,6.26852E-09,5.73099E-09,1.804E-08,1.564E-08
641,5.92E-09,1.70E-08,6.68E-09,1.78E-08,6.17936E-09,5.65681E-09,1.843E-08,1.562E-08
642,5.88E-09,1.70E-08,6.67E-09,1.82E-08,6.18746E-09,5.58148E-09,1.809E-08,1.582E-08
643,5.60E-09,1.66E-08,6.61E-09,1.87E-08,5.8727E-09,5.32901E-09,1.748E-08,1.567E-08
644,5.56E-09,1.62E-08,6.56E-09,1.85E-08,5.94047E-09,5.17224E-09,1.707E-08,1.532E-08
645,5.53E-09,1.58E-08,6.66E-09,1.83E-08,6.02116E-09,5.03725E-09,1.629E-08,1.526E-08
646,5.36E-09,1.52E-08,6.67E-09,1.82E-08,5.78755E-09,4.92306E-09,1.561E-08,1.482E-08
647,5.22E-09,1.49E-08,6.58E-09,1.80E-08,5.71882E-09,4.72577E-09,1.548E-08,1.440E-08
648,5.25E-09,1.47E-08,6.48E-09,1.75E-08,5.67E-09,4.83376E-09,1.526E-08,1.411E-08
649,5.16E-09,1.43E-08,6.35E-09,1.68E-08,5.61346E-09,4.71104E-09,1.506E-08,1.350E-08
650,5.18E-09,1.44E-08,6.52E-09,1.66E-08,5.53492E-09,4.83097E-09,1.515E-08,1.359E-08
651,5.23E-09,1.46E-08,6.67E-09,1.68E-08,5.68843E-09,4.77867E-09,1.529E-08,1.392E-08
652,5.31E-09,1.46E-08,6.62E-09,1.75E-08,5.82758E-09,4.78858E-09,1.504E-08,1.422E-08
653,5.45E-09,1.52E-08,6.92E-09,1.81E-08,6.12141E-09,4.77118E-09,1.556E-08,1.477E-08
654,5.63E-09,1.59E-08,7.11E-09,1.86E-08,6.39462E-09,4.87358E-09,1.634E-08,1.540E-08
655,5.81E-09,1.66E-08,7.35E-09,1.93E-08,6.62304E-09,5.00348E-09,1.698E-08,1.613E-08
656,6.10E-09,1.72E-08,7.51E-09,2.06E-08,6.82636E-09,5.36515E-09,1.780E-08,1.660E-08
657,6.42E-09,1.87E-08,7.72E-09,2.12E-08,7.2105E-09,5.62663E-09,1.904E-08,1.839E-08
658,6.98E-09,1.99E-08,8.10E-09,2.30E-08,7.72883E-09,6.22308E-09,2.009E-08,1.975E-08
659,7.46E-09,2.15E-08,8.64E-09,2.51E-08,8.05481E-09,6.87478E-09,2.205E-08,2.092E-08
660,8.22E-09,2.24E-08,9.37E-09,2.76E-08,8.97029E-09,7.46107E-09,2.269E-08,2.211E-08
661,8.98E-09,2.40E-08,1.02E-08,3.03E-08,9.60894E-09,8.36088E-09,2.495E-08,2.299E-08
662,9.75E-09,2.62E-08,1.16E-08,3.41E-08,1.0363E-08,9.14558E-09,2.738E-08,2.505E-08
663,1.07E-08,2.93E-08,1.27E-08,3.70E-08,1.13009E-08,1.00697E-08,3.102E-08,2.758E-08
664,1.18E-08,3.23E-08,1.41E-08,4.08E-08,1.2523E-08,1.10622E-08,3.448E-08,3.010E-08
665,1.26E-08,3.62E-08,1.58E-08,4.57E-08,1.34031E-08,1.17626E-08,3.849E-08,3.383E-08
666,1.36E-08,3.96E-08,1.75E-08,5.04E-08,1.44349E-08,1.27636E-08,4.184E-08,3.736E-08
667,1.46E-08,4.35E-08,1.89E-08,5.56E-08,1.53724E-08,1.37843E-08,4.577E-08,4.119E-08
668,1.56E-08,4.78E-08,2.04E-08,6.08E-08,1.62763E-08,1.48828E-08,5.188E-08,4.376E-08
669,1.63E-08,5.32E-08,2.23E-08,6.53E-08,1.70452E-08,1.54794E-08,5.745E-08,4.896E-08
670,1.72E-08,5.77E-08,2.38E-08,6.85E-08,1.82754E-08,1.6074E-08,6.361E-08,5.174E-08
671,1.79E-08,6.29E-08,2.51E-08,6.99E-08,1.8952E-08,1.68803E-08,6.833E-08,5.754E-08
672,1.87E-08,6.67E-08,2.57E-08,7.17E-08,1.98652E-08,1.74831E-08,7.191E-08,6.140E-08
673,1.93E-08,6.96E-08,2.63E-08,7.14E-08,2.04019E-08,1.82208E-08,7.557E-08,6.362E-08
674,1.98E-08,6.94E-08,2.70E-08,7.22E-08,2.10536E-08,1.86014E-08,7.595E-08,6.287E-08
675,2.02E-08,6.94E-08,2.73E-08,7.19E-08,2.1431E-08,1.88977E-08,7.459E-08,6.417E-08
676,2.03E-08,6.83E-08,2.76E-08,7.15E-08,2.20418E-08,1.85769E-08,7.363E-08,6.290E-08
677,2.00E-08,6.76E-08,2.76E-08,6.96E-08,2.1713E-08,1.82081E-08,7.291E-08,6.233E-08
678,1.97E-08,6.53E-08,2.76E-08,6.90E-08,2.14163E-08,1.79257E-08,7.159E-08,5.901E-08
679,1.93E-08,6.33E-08,2.70E-08,6.78E-08,2.11272E-08,1.75433E-08,7.095E-08,5.566E-08
680,1.88E-08,6.01E-08,2.68E-08,6.75E-08,2.04007E-08,1.71118E-08,6.785E-08,5.230E-08
681,1.83E-08,5.73E-08,2.62E-08,6.62E-08,1.97022E-08,1.68794E-08,6.674E-08,4.794E-08
682,1.81E-08,5.36E-08,2.54E-08,6.42E-08,1.93147E-08,1.68205E-08,6.246E-08,4.476E-08
683,1.74E-08,5.11E-08,2.44E-08,6.21E-08,1.86583E-08,1.61555E-08,5.802E-08,4.412E-08
684,1.68E-08,4.86E-08,2.32E-08,6.02E-08,1.8031E-08,1.55756E-08,5.450E-08,4.272E-08
685,1.59E-08,4.59E-08,2.22E-08,5.72E-08,1.71203E-08,1.47577E-08,5.031E-08,4.148E-08
686,1.53E-08,4.31E-08,2.09E-08,5.29E-08,1.65017E-08,1.40024E-08,4.732E-08,3.885E-08
687,1.41E-08,4.07E-08,1.95E-08,4.88E-08,1.52413E-08,1.30017E-08,4.406E-08,3.726E-08
688,1.31E-08,3.62E-08,1.78E-08,4.48E-08,1.40437E-08,1.20706E-08,3.865E-08,3.374E-08
689,1.20E-08,3.23E-08,1.62E-08,4.04E-08,1.31612E-08,1.07819E-08,3.379E-08,3.084E-08
690,1.07E-08,2.82E-08,1.48E-08,3.63E-08,1.15094E-08,9.80214E-09,2.912E-08,2.722E-08
691,9.51E-09,2.48E-08,1.32E-08,3.22E-08,1.03516E-08,8.67049E-09,2.549E-08,2.421E-08
692,8.38E-09,2.20E-08,1.16E-08,2.82E-08,8.99346E-09,7.77396E-09,2.208E-08,2.198E-08
693,7.19E-09,1.89E-08,9.96E-09,2.46E-08,7.66092E-09,6.70931E-09,1.952E-08,1.834E-08
694,6.32E-09,1.60E-08,8.54E-09,2.15E-08,6.54192E-09,6.09824E-09,1.656E-08,1.535E-08
695,5.47E-09,1.40E-08,7.42E-09,1.91E-08,5.64225E-09,5.30136E-09,1.461E-08,1.347E-08
696,4.82E-09,1.21E-08,6.48E-09,1.64E-08,5.00739E-09,4.62306E-09,1.239E-08,1.174E-08
697,4.26E-09,1.04E-08,5.53E-09,1.37E-08,4.63751E-09,3.87363E-09,1.082E-08,1.004E-08
698,3.76E-09,9.20E-09,4.70E-09,1.16E-08,4.23459E-09,3.27759E-09,9.697E-09,8.695E-09
699,3.30E-09,8.12E-09,4.04E-09,9.98E-09,3.82126E-09,2.78021E-09,8.554E-09,7.683E-09
700,3.12E-09,7.12E-09,3.32E-09,8.69E-09,3.66184E-09,2.58441E-09,7.601E-09,6.648E-09
