Wavelength (nm),f2_blank,Pt_abs_F1,Pt_abs_F2,Pt_abs_F3,Pt_abs_F4,Pt_abs_F5,Pt_abs_F6,Pt_abs_F7
799.9849243,-0.087542914,-0.009534656,-0.032620952,-0.0549335,0.052365236,-0.099537328,0.028549433,-0.039523903
799.4990845,-0.067358658,-0.059573691,0.002213445,-0.065844096,-0.019574843,-0.046991773,-0.016702255,-0.034291618
799.0131226,-0.009051208,-0.030107277,-0.023619985,-0.067032941,-0.050852049,-0.013027068,-0.016320875,0.02122689
798.4924316,-0.040069129,-0.06298019,-0.035443351,0.036112148,-0.001006522,-0.02116788,-0.022116633,-0.018180298
798.0062256,-0.001365201,-0.012403972,-0.059147041,-0.000152493,-0.005414533,-0.009166849,-0.048417736,0.019314487
797.4852905,-0.065629877,-0.016201986,-0.040209223,0.045586947,0.082017966,-0.033784445,-0.001181432,0.002680203
796.9989014,-0.022762807,-0.000182716,-0.034937236,-0.021810738,0.05430242,0.012069495,-0.030466659,-0.026877983
796.5125122,0.026258945,-0.089168951,0.007040616,-0.053387728,0.024861777,-0.042951759,-0.06482821,0.017053543
795.991272,-0.043282256,0.028793218,-0.069442265,0.017847221,-0.028807249,-0.054627553,-0.015809234,-0.030288333
795.5046387,0.017547289,-0.025194079,-0.011179462,-0.05419258,0.007679869,-0.047631279,0.009404538,-0.04464994
794.9832153,-0.052872542,-0.01734668,0.007727298,-0.053689197,-0.062792912,-0.010347803,-0.00787531,0.01315842
794.4963379,-0.032412037,-0.036469195,-0.056827452,-0.022470592,0.105997272,0.012373523,0.075620368,-0.03368859
794.0094604,-0.030165626,-0.067994468,-0.026756547,-0.104917504,-0.025560182,-0.021839639,-0.02303062,0.045709703
793.4876099,0.020032445,-0.091774262,-0.007131777,-0.032847427,0.063533977,-0.002762238,-0.039287873,-0.056643229
793.0004883,-0.065917768,-0.043577239,-0.062389009,-0.010916152,0.059432052,-0.058769848,-0.035303336,-0.027818436
792.5133057,-0.012292864,-0.077632725,-0.029749919,-0.061336137,0.04835891,-0.010533596,0.013570483,-0.068129957
791.9912109,-0.011833488,-0.00520096,-0.090632431,0.028031789,-0.05289083,-0.004505608,-0.045655876,-0.057981953
791.5038452,-0.042870902,-0.085189745,-0.029625898,-0.040822972,0.005539126,-0.011394403,0.050887737,0.005129371
791.0162964,-0.039151032,0.088682465,-0.028694298,-0.027731068,-0.026163237,0.017047243,0.045961358,-0.010232274
790.4940186,-0.083809391,-0.053543177,0.00909621,0.051897831,0.020352272,0.049816493,0.029713096,0.03660778
790.0062866,-0.097207539,-0.057011828,-0.023648424,-0.052313056,0.111196846,-0.082686879,-0.00934803,-0.018471742
789.4836426,-0.027420502,-0.032496642,-0.026861243,-0.055734541,0.013241863,-0.069837414,-0.020380836,-0.034972202
788.9957886,-0.054058027,-0.03978838,-0.03889009,-0.040824808,0.003631227,-0.064368039,-0.048609324,-0.070632756
788.5077515,-0.025561305,-0.047702581,0.022639118,-0.012254866,-0.032493662,-0.00734028,-0.018449564,0.028080774
787.9849243,-0.026372449,-0.000373788,-0.004772525,-0.052783653,-0.040657993,-0.055986196,-0.041080162,-0.008183149
787.4967651,-0.01996401,0.005009265,-0.009200202,0.000898655,0.042329755,-0.008472187,0.039505187,0.008003172
787.0084839,-0.10407985,-0.044108473,-0.021611238,-0.029711194,0.005844702,-0.08364322,0.03025315,-0.06124375
786.4852905,-0.069278449,-0.035131998,-0.095331088,0.013699713,-0.017468736,0.055609323,-0.007045852,-0.030983794
785.9968262,-0.020556165,0.017304778,-0.026302479,0.018366687,0.045756206,0.006846025,-0.028514903,-0.034203153
785.5083008,-0.050889947,-0.037221417,-0.06359601,-0.122380793,0.030924136,-0.061611477,-0.076240256,0.000263237
784.9847412,-0.01773213,-0.065474197,-0.002810284,-0.051546823,-0.061552174,0.022872813,-0.057079792,-0.032442737
784.4960327,0.059269276,-0.027988216,0.006169293,-0.032816995,-0.013166619,-0.035027988,-0.058982328,-0.031444456
784.0072021,-0.035235364,-0.047270972,0.000446866,-0.039328922,-0.056333661,0.009258465,0.003735731,-0.02280088
783.4833984,-0.063990884,-0.001622604,-0.009095217,0.115249783,0.01435712,-0.064358659,0.070547074,-0.005721617
782.9943848,-0.019712701,-0.001548375,-0.035821185,-0.043098193,0.054818414,-0.002570362,0.001722109,-0.008169685
782.505249,-0.029164463,0.029855652,-0.025064841,-0.030361768,0.032705113,0.007951732,-0.038993228,0.005919011
782.0159912,0.017613329,0.011645106,-0.036346175,-0.017218668,0.038626485,-0.021057414,-0.018657068,-0.026241904
781.4918213,-0.041178636,-0.049886893,-0.00475619,-0.088754594,0.017654253,-0.099605575,0.036437713,-0.008718462
781.0024414,0.011631333,0.040341925,-0.046678599,-0.057305574,0.034409493,0.010431585,-0.0480299,0.001949648
780.5129395,-0.046600431,-0.022664441,-0.052932769,-0.034501303,0.014825549,-0.009916675,-0.032090615,-0.015591274
779.9884644,-0.019650161,-0.033923995,-0.04381277,-0.047801279,0.001684427,0.010545536,0.00500332,0.001961246
779.4987183,-0.068236642,0.055171449,-0.057202477,0.020749418,0.030294864,-0.006486183,-0.049449086,-0.05769261
779.0089722,0.01809654,-0.082434908,-0.001962839,0.000960655,0.035523187,-0.028628046,-0.019119294,-0.045919444
778.4840698,-0.0451039,-0.071251012,0.045243595,-0.068473063,0.060118999,-0.081654683,-0.004014782,-0.00059042
777.9942017,-0.011629651,0.004375339,0.042646449,-0.060313154,-0.01845512,-0.044091541,0.025675306,-0.003996982
777.5041504,0.016070956,-0.045069508,-0.027451171,-0.068588637,-0.026613994,-0.057840999,-0.05297745,-0.060601614
777.0139771,-0.051333297,-0.029032623,-0.050106023,-0.043264728,-0.052256875,-0.021254458,-0.036907818,0.008840617
776.4887085,-0.03561094,-0.027161948,-0.028036561,-0.033752881,-0.037689187,-0.020258311,-0.005195998,0.019363582
775.9983521,-0.006754384,0.041071456,0.003933948,-0.039052807,-0.088931896,-0.041899435,-0.030087473,0.004575758
775.5079956,-0.02954199,-0.014576179,-0.050786283,0.013306425,0.071259685,-0.01818273,0.01485279,-0.004947564
775.0174561,-0.01197191,0.010504296,-0.068421453,-0.068290614,0.011723526,-0.015534132,0.040193416,-0.067089066
774.4918213,-0.016252458,-0.062040921,-0.03361433,-0.077659003,-0.008989091,-0.000985241,-0.051052742,-0.055770423
774.0010986,-0.015152524,-0.03664862,-0.040821321,-2.49E-06,-0.006769166,0.023434773,0.007150154,-0.004490851
773.5103149,0.002196846,0.070207857,-0.070544697,-0.028264811,-0.008244975,-0.053971391,-0.038442712,-0.024916254
772.984375,-0.004277438,-0.017803395,0.010181697,-0.021407604,0.06316977,0.023861796,-0.026016539,-0.034836669
772.4933472,-0.05611597,-0.072717473,-0.058675647,0.014335955,0.014080042,-0.037286896,-0.011722082,-0.012552223
772.0023804,-0.047939226,-0.051711209,0.04164087,-0.035413243,-0.027013591,-0.010226661,0.017693238,-0.009550154
771.5111694,-0.054916665,-0.053459141,0.007886142,-0.028442029,0.023065686,-0.007810177,-0.011016255,-0.012681768
770.9848633,-0.001465621,-0.048526227,-0.036361031,0.00562694,0.023863273,-0.020255098,0.013254433,-0.060899515
770.4934692,-0.058982734,-0.052846733,0.006686325,-0.010425395,0.032752115,-0.029986307,-0.013996813,0.033605352
770.0020142,0.006012938,-0.017767118,-0.02687083,0.006111166,-0.004161001,-0.009410805,-0.020441048,0.030964136
769.510437,-0.064749233,0.023289969,-0.058893323,-0.015517247,-0.043122053,-0.035250541,-0.03858982,0.007964519
768.9837646,0.057432964,-0.005959651,-0.02246071,0.010841174,-0.002479926,-0.040409233,0.000842836,-0.019514659
768.4920044,-0.047570311,-0.044923689,-0.031161593,-0.03644187,0.029664258,-0.033913367,-0.008171565,0.007764401
768.0002441,-0.042111307,-0.045909196,-0.014392708,-0.012023179,0.022788454,-0.033372238,0.04304,0.024734225
767.5083008,-0.027089089,-0.028186509,-0.024385476,-0.042489111,0.022189215,-0.059067018,-0.009643889,-0.027744133
767.0162964,-0.036426447,-0.044286635,-0.028135415,-0.047562655,0.020757347,-0.016833905,-0.013962422,-0.04220546
766.4890747,-0.004343565,0.025702329,0.027546423,-0.021096868,0.005722745,-0.021331703,-0.030191513,-0.013026164
765.9969482,-0.068360776,0.005128402,-0.0218646,-0.05288744,-0.00854184,-0.035348248,-0.058052439,-0.04415543
765.5046387,-0.015370405,0.001913507,-0.059371889,-0.011902352,0.057809599,-0.030772066,-0.002326497,-0.013667434
765.012207,-0.048223745,-0.055839811,-0.001310956,-0.027557155,0.055722583,-0.030618327,-0.067011647,-0.046002157
764.4846191,-0.045862012,-0.011448008,-0.005699799,-0.036802139,0.042716648,0.009428347,-0.010906256,0.00413973
763.9920654,-0.033004504,-0.038206995,-0.004460721,0.004348538,-0.023393795,-0.028327724,-0.024078384,0.00923583
763.4993896,-0.008359408,-0.036738206,-0.04025,-0.005690857,0.049335983,-0.026598848,-0.026968149,-0.01685811
763.0067749,-0.076658137,-0.031797491,0.007402726,-0.009959332,-0.00925489,-0.011253021,-0.003465675,0.012494326
762.513916,-0.004379494,0.015937338,-0.001720696,-0.054878615,-0.013488598,-0.005775825,-0.018048758,-0.010475785
761.9857788,-0.058353901,-0.050737273,0.002011409,-0.022480424,0.021037089,-0.046470851,-0.02356644,0.047637291
761.4927368,0.007487547,-0.013362455,-0.002476374,-0.026861729,-0.012086625,-0.012320342,0.002050446,-0.004410859
760.9996338,-0.052935749,-0.008578033,-0.032791886,-0.024094155,0.043534275,-0.059269369,-0.017455557,-0.044479683
760.5064697,-0.072664618,-0.049427282,-0.015945947,-0.010782997,0.034419551,0.007562111,-0.011191672,-0.00118262
760.0132446,-0.020030854,0.005834654,-0.018738694,-0.003687752,0.036120139,-0.042244356,-0.007124901,-0.053540021
759.4846191,0.021057276,0.020128362,0.02474039,0.022814535,-0.031021394,0.000919173,-0.025692591,-0.032485783
758.9910889,-0.011640085,0.012721158,-0.034345295,-0.037110113,0.019847743,-0.013572907,-0.03073266,0.009334709
758.4975586,-0.067907646,0.00438823,0.015560773,-0.00719523,0.010939225,0.00721916,0.028680379,0.027551305
758.0039063,-0.033079352,-0.017904358,-0.010872327,-0.047183484,-0.03858063,0.006046352,-0.034803122,0.01890124
757.5101929,-0.025575852,0.021959562,-0.004873184,-0.019199546,-0.030381367,-0.07087218,-0.022302033,-0.04292151
757.0163574,-0.007941552,-0.058102213,0.006662456,-0.009205474,0.061643478,-0.025936415,-0.006411915,-0.025056191
756.4871826,0.000186367,-0.060165063,-0.000971087,-0.017095296,0.033179462,0.068935737,-0.012973909,0.014403731
755.9931641,-0.01648185,-0.008627368,-0.038515396,0.011817493,-0.040920608,0.002158446,0.048359688,0.032361083
755.4990845,-0.028377,0.016615786,0.02185853,0.020531273,0.064749271,0.010251133,0.086914629,-0.051943246
755.0048828,-0.051580571,-0.008637519,-0.012993706,-0.009149867,0.034728006,-0.024952574,-0.054481164,-0.050267633
754.5106812,-0.031712603,-0.001627968,0.018896859,-0.041927263,-0.015295791,0.006634804,0.016636522,-0.023761762
754.0162964,-0.038740527,-0.005199272,-0.056366857,-0.024015881,-0.024795197,-0.00832274,-0.04164442,0.023725787
753.4865112,-0.077267312,-0.063634291,-0.035798348,-0.051371612,-0.02178031,-0.038960427,-0.009231779,0.009827775
752.9920044,-0.02215619,0.055688094,-0.032031227,0.042291489,0.052665871,-0.030037327,0.023084303,-0.003025653
752.4973145,-0.011481993,-0.057015326,-0.012704093,-0.032843731,0.020939745,0.008834857,-0.019226639,0.042360518
752.0025635,-0.05876302,0.009067266,-0.043560706,-0.055200253,-0.034035642,0.073123887,-0.021732988,-0.005173079
751.5078125,-0.05850935,0.016587144,-0.039697625,-0.033082232,0.019961698,-0.026763216,-0.025073733,-0.043030914
751.0129395,-0.021350088,-0.039887905,-0.004193869,-0.045535803,-0.012846411,-0.026653336,0.018834434,0.018080968
750.4825439,-0.03700377,0.002181106,-0.067147352,-0.027176974,0.016088873,0.005819831,-0.037892684,-0.015634874
749.9874878,-0.041675843,-0.001872225,-0.019047799,0.006256447,0.015746694,-0.056482382,0.070489891,-0.000321023
749.4923096,-0.041412368,-0.029219307,0.008462392,-0.058519036,0.033499029,-0.045103669,-0.009927454,-0.041206229
748.9970703,0.008206248,-0.025613384,0.00243411,-0.049036831,0.009844987,-0.01704089,0.002393763,0.026614301
748.501709,-0.037923049,0.011399436,-0.029394927,-0.015119575,-0.013263293,0.023905391,-0.003198056,-0.017961239
748.0062256,-0.031711929,-0.030934909,-0.006732006,-0.011615941,-0.005936517,-0.02235008,0.006448461,-0.041152172
747.5107422,-0.031501133,-0.004048482,-0.01989107,-0.012996922,0.00509815,-0.02710407,0.002293615,-0.046446379
747.0150757,-0.051761027,-0.01464461,-0.02482307,-0.02418926,0.02905073,-0.01032657,-0.006915327,-0.024748888
746.4839478,-0.016450049,-0.029817645,-0.016588703,-0.046276174,-0.011438528,-0.042638611,-0.034855925,-0.026670523
745.9882202,-0.000417547,0.00262702,-0.031422786,-0.029680539,0.019963974,-0.00081206,0.002935088,-0.00751851
745.4923096,-0.04207221,-0.015400787,0.004404913,0.006559558,0.009422923,-0.02812702,-0.028039085,-0.031788539
744.9962769,-0.048286933,-0.04267526,-0.023280997,-0.023729557,-0.02549511,-0.025948072,-0.021041285,-0.019502681
744.5002441,-0.006080355,0.002935401,-0.037615839,0.001952951,0.007791177,0.005975985,-0.049430378,0.00229083
744.0040894,-0.019139804,0.010898585,-0.006896321,-0.000734023,0.019962158,-0.036326461,0.000590913,-0.011228654
743.5078735,0.01931005,0.004948386,-0.030789958,0.013309708,-0.036615118,-0.057445481,-0.062614739,-0.026259499
743.0115967,-0.03885667,-0.031347267,-0.032250371,-0.019877421,0.021801937,-0.058178023,-0.030432872,-0.023688184
742.5151367,-0.031529926,-0.025524499,-0.001575768,-0.032694712,0.012974191,-0.025857253,-0.044142567,-0.009773192
741.9831543,-0.040596984,-0.021715999,-0.036797762,0.001707633,0.027167514,-0.053402469,-0.001350543,-0.002567943
741.4865723,-0.008007885,-0.032217011,0.038421799,-0.024343479,0.001822411,-0.050746348,-0.006379724,0.018593445
740.9899292,-0.008679287,-0.012298954,0.026796093,-0.006750663,0.010274882,-0.039502017,-0.034285065,-0.005620438
740.4931641,-0.051090714,-0.018542042,-0.009756994,-0.009461616,-0.001213184,-0.003622091,0.013496188,-0.031414457
739.9962769,-0.020602282,-0.01683032,0.001932383,0.02089335,-0.000441287,-0.016644062,0.039000206,0.014994032
739.4993286,-0.036748912,-0.006433544,-0.025633834,-0.030222274,0.004438072,-0.02080664,-0.032147352,-0.017946634
739.0023193,-0.027142445,0.006715348,-0.003582145,-0.016025839,0.012274482,0.005451121,-0.024119427,-0.005647268
738.505188,-0.035034485,-0.020081773,0.009774663,-0.048741229,0.024965925,-0.027949577,-0.016172459,-0.043562815
738.0079956,-0.056896854,0.001265362,0.024622243,-0.026894627,0.027484259,-0.020648196,-0.035695929,-0.02048056
737.5106812,-0.028103,-0.009643889,-0.019638682,-0.012353454,0.063507341,0.003651223,0.005784992,-0.008543414
737.0132446,-0.021771299,-0.027589902,-0.021313909,-0.040857092,0.007268828,0.028151227,-0.020441443,-0.012239112
736.5158081,-0.030913359,-0.025720503,0.006031889,-0.001551935,0.019917088,-0.009705508,0.009411072,0.003297833
735.9827271,-0.056014638,-0.009380407,-0.023037888,-0.019506345,0.013552295,-0.037004199,0.004022875,0.011121264
735.4851074,-0.039143696,-0.027250063,-0.021536259,-0.040386777,0.039984468,-0.02398394,-0.019770732,-0.017241606
734.9873657,-0.017917177,-0.022700753,-0.018183228,-0.023952732,-0.002624244,-0.002942871,0.025114609,-0.000525995
734.489502,-0.031856813,-0.02063309,0.019456971,-0.026636392,-0.000834021,-0.032110568,0.007614716,-0.010931348
733.9915771,-0.037271358,-0.026006151,-0.036318272,-0.013948585,0.040238395,0.001259235,-0.011723746,0.027964531
733.4936523,-0.038332097,-0.012731193,-0.038502272,0.00226944,0.000936969,-0.029050976,0.042403013,0.00778588
732.9955444,-0.039400134,-0.036665939,-0.020776732,-0.023177546,0.011861944,-0.02902633,0.012495765,-0.007877192
732.4973755,-0.03550652,-0.011140003,-0.043949697,-0.034085613,-0.01523451,-0.024549803,-0.01401165,0.020793082
731.9990845,-0.041467898,0.007881187,-0.031444795,-0.072159581,0.049381372,-0.021269001,0.003301928,-0.005645837
731.5007935,-0.039814979,0.000894426,-0.021830285,-0.035297368,0.046027604,-0.007194262,-0.002546996,0.007589848
731.0023804,-0.043461509,0.003349898,-0.018630732,-0.006098019,0.022420868,-0.006855299,-0.004248114,-0.004491927
730.5037842,-0.034172907,0.025736414,-0.020647852,-0.022860218,-0.032576092,0.000468633,0.018314222,0.005340149
730.005188,-0.035816558,-0.008626962,-0.016492218,-0.016515344,0.012245725,-0.016802927,0.016234173,-0.002372068
729.5065308,-0.037326708,0.02158729,-0.01842108,-0.031553082,0.013532159,-0.009199644,0.01726825,-0.003197953
729.0077515,-0.03893951,0.010176981,0.004496343,-0.038422145,0.039129443,-0.033907715,-0.019730808,-0.002519716
728.5089111,-0.035671797,-0.016384745,-0.005133685,-0.020280348,0.002765252,-0.009578413,0.001990838,0.00923345
728.0099487,-0.03592081,-0.044726543,-0.009240191,-0.031821691,-0.022207744,-0.021482062,0.000510927,-0.001317666
727.5109253,-0.036629394,-0.020052211,-0.027149254,-0.032200858,0.020343998,-0.010246281,-0.029452983,-0.030267812
727.0118408,-0.030232705,0.005696228,-0.016274601,-0.010469062,0.014343741,-0.011778368,-0.009109564,0.005018927
726.5126343,-0.044835683,-0.025400437,0.008586098,-0.011788446,0.014659514,-0.0126784,0.026518507,-0.019566035
726.0133057,-0.028657176,0.002047533,-0.026685275,-0.03153532,0.067316957,-0.026004104,-0.01125857,-0.010545673
725.513916,-0.050580997,-0.018004702,0.001099863,-0.023827437,0.019113481,-0.012426713,-0.004728434,-0.010737291
725.0144653,-0.041346896,-0.043411009,0.024446096,-0.027123429,0.009897075,-0.022934182,0.005258656,-0.008073852
724.5149536,-0.031019466,-0.015028615,-0.005625651,-0.02958779,0.000220656,-0.022595886,-0.013911834,-0.02430466
724.0152588,-0.020788034,-0.007289474,0.007388508,-0.000200052,0.011831352,0.023645554,0.033981469,0.021284439
723.515564,-0.037191812,-0.027784297,-0.014632246,-0.029554758,-0.000854586,-0.021438552,-0.002154726,-0.00672436
723.0158081,-0.054398086,-0.013643653,0.017867396,-0.013152655,-0.001117869,-0.023759311,-0.001266667,-0.020004256
722.5159302,-0.049287818,-0.014630694,-0.044528469,-0.015869934,0.007433956,0.007327663,-0.005266025,0.027606001
722.0159302,-0.002161372,0.016284399,-0.042458922,-0.039169908,0.00900986,-0.028576761,0.010023654,0.019762235
721.5158081,-0.008031874,-0.021069694,-0.000790304,-0.022089818,0.010595772,0.001571088,-0.009746565,0.003434479
721.015686,-0.024847908,0.009846152,-0.003099783,-0.020550339,-0.001227227,-0.019860309,0.00248162,-0.01148285
720.515564,-0.048258398,-0.011964658,-0.009050143,-0.027720334,0.013406609,-0.001135065,0.010033561,-0.000132154
720.0151978,-0.042221148,-6.55E-05,-0.027910642,-0.008736018,0.018066289,-0.010720067,-0.006938867,-0.002662014
719.5147705,-0.033679586,-0.014360002,-0.014765627,-0.030589474,0.037532724,-0.007546037,-0.004042019,0.026076086
719.0142822,-0.050011259,-0.001924802,-0.008135389,-0.019283794,0.014870362,0.022510609,0.003613634,-0.0124326
718.5137329,-0.024137938,0.003899783,-0.009461464,-0.02319286,0.03436581,0.000543142,0.024108874,-0.001425579
718.0130615,-0.028351149,-0.007234437,-0.000653336,-0.014872352,0.023893029,-0.001398539,0.008819509,0.018801996
717.5123291,-0.018904377,-0.018977037,-0.018210435,-0.019562619,0.011532063,0.00661241,-0.002023702,0.024114838
717.0115356,-0.025278246,-0.014564965,0.01242834,0.000349239,0.023685163,0.000452982,0.023635739,0.019870939
716.5105591,-0.044701602,0.01167744,-0.015742734,-0.022057883,0.023955472,0.00368268,0.010082201,0.032314427
716.0096436,-0.057888851,0.006438898,-0.003612952,-0.028962839,0.046703886,0.006903383,-0.002654142,0.012009162
715.5085449,-0.038881853,0.003800148,0.000156871,-0.012476871,0.054216482,-0.021351615,0.015008984,0.010926297
715.0074463,-0.024368981,0.011103339,0.002423593,-0.013763394,0.000620334,-0.024334032,0.022638736,0.027713761
714.5061646,-0.021576853,0.017919512,0.016343392,-0.015224214,0.023540575,-0.013464306,0.033845499,0.018574318
714.0048828,-0.038229659,0.012930079,0.02226967,-0.012511732,0.046591803,0.00269867,0.013241356,0.0291519
713.503418,-0.009508268,-0.008220438,0.020698264,0.000310484,0.025582025,-0.009781646,0.027744913,0.020737959
713.0019531,-0.027639652,0.019503754,0.019493276,-0.015106624,-0.000725598,0.030008653,0.017146787,0.028839137
712.5003052,-0.041588724,0.000941223,0.007482622,-0.011476245,0.042649563,0.039126609,0.039601333,0.03487258
711.9986572,-0.039093357,0.004024495,-0.004996187,-0.000156168,0.026025098,0.028246745,0.05450619,0.059396613
711.4969482,-0.025528599,0.008989801,-0.006643503,-0.004836067,0.034577366,0.029472811,0.062245194,0.028214728
710.9950562,-0.010010484,0.02119517,0.017912012,-0.003824998,0.046162289,0.024133692,0.045859247,0.037896212
710.493103,-0.025729384,0.024498513,-0.004139156,0.005476627,0.016507223,0.046768837,0.02486049,0.038848817
709.9911499,-0.022135871,0.012021882,0.033185355,0.010092879,0.028451029,0.009465701,0.083249524,0.066050731
709.4890137,-0.033763416,0.028664313,0.0260906,0.014326325,0.038741879,0.031809408,0.057893947,0.052240469
708.9868774,-0.035120875,0.010879978,-0.010732189,-0.003054649,0.053081013,0.042937629,0.088318035,0.054427605
708.4846802,-0.040654317,0.031390782,0.021285011,0.004018642,0.075263985,0.054631051,0.078809313,0.055953845
707.9822998,-0.008202505,0.023703916,0.010095184,0.005892063,0.041544382,0.070022196,0.051712919,0.111763679
707.5158081,-0.011632524,0.028350463,0.022208421,-0.004537118,0.051184934,0.043137737,0.068517074,0.080354698
707.0133057,-0.00398744,0.042805657,0.049241368,0.036348708,0.055187881,0.073246248,0.064154401,0.102768742
706.5106812,-0.023099402,0.07684613,0.007626808,0.033783715,0.049068742,0.072207794,0.09362302,0.101364546
706.0079956,-0.024217954,0.0590831,0.031495281,0.058484562,0.073065318,0.055673584,0.08546485,0.08044111
705.5053101,-0.007434697,0.026298905,0.048535503,0.038719974,0.037851021,0.059692118,0.092570335,0.098079033
705.0024414,-0.048252746,0.047107335,0.029300945,0.039223526,0.073005416,0.083288185,0.086753994,0.109067254
704.4995117,-0.044572297,0.045362547,0.044398803,0.022025406,0.054285731,0.094407231,0.109398641,0.129253864
703.996521,-0.020109158,0.027874375,0.060600225,0.029547397,0.072009601,0.056433599,0.117698446,0.119616166
703.4934692,-0.02212549,0.052476369,0.027769279,0.049004115,0.060274363,0.104832761,0.096403807,0.126033813
702.9902954,-0.027226528,0.061434694,0.029654725,0.055725232,0.087823965,0.099822931,0.099999428,0.141444445
702.4870605,-0.013534167,0.038345475,0.076760612,0.036694191,0.073979169,0.099603757,0.100339718,0.133336216
701.9837036,-0.045350131,0.098280892,0.037265819,0.049932085,0.104936801,0.122799002,0.154772267,0.120641053
701.5162354,-0.019783938,0.04127802,0.042182107,0.057063323,0.091939107,0.139248639,0.153857291,0.152188987
701.0127563,-0.010738099,0.070645139,0.069492534,0.082982078,0.11854706,0.144395784,0.148028165,0.148410201
700.5091553,-0.0154536,0.079113416,0.061302494,0.066222943,0.10969086,0.180462793,0.15103735,0.164735526
700.0054932,0.014633168,0.089598097,0.077657178,0.060211852,0.095541276,0.15463756,0.140761584,0.192186102
699.5018311,0.006123163,0.078204677,0.077302247,0.103115477,0.075208366,0.173907027,0.154332697,0.174827695
698.9979858,0.007241584,0.108909056,0.060094502,0.052457385,0.098671459,0.153792992,0.177121863,0.196250439
698.4940796,-0.014050398,0.13516967,0.103528589,0.084315881,0.12135151,0.157517687,0.204683006,0.195665166
697.9901123,0.009355657,0.148970902,0.09208782,0.081138447,0.135529459,0.18866542,0.194952965,0.189054415
697.4860229,-0.005622789,0.080681615,0.09905386,0.086032413,0.148783669,0.219461501,0.263152063,0.296304852
697.0178833,-0.014517701,0.115951538,0.103983395,0.119039811,0.114966758,0.174298108,0.189241365,0.217286438
696.5136108,0.005896103,0.131724268,0.128320634,0.119145028,0.183093309,0.237600103,0.267152011,0.224413261
696.0093384,-0.004803862,0.153463796,0.110553972,0.106334724,0.139514431,0.219173044,0.263808101,0.282787144
695.5049438,0.000370509,0.101565644,0.112495743,0.151048601,0.156639203,0.240160763,0.226152003,0.235390633
695.0004883,-0.019590532,0.173672423,0.09024749,0.150415584,0.16695933,0.277600259,0.232072681,0.24273783
694.4959106,-0.002362645,0.167766169,0.129876018,0.13040033,0.149090469,0.333108544,0.319113672,0.305033654
693.991272,0.000183726,0.107745014,0.190881148,0.119769201,0.213758141,0.290656298,0.287000388,0.27474305
693.4865723,0.00748041,0.157911748,0.128835335,0.143593639,0.201406926,0.333674282,0.314072579,0.318603426
693.0178223,-0.043288253,0.135354281,0.215802163,0.193810687,0.183991522,0.334548295,0.334239155,0.363276839
692.5129395,-0.050852649,0.224694535,0.209432215,0.177806482,0.224446729,0.367664963,0.32931155,0.340767503
692.0079346,-0.037678458,0.176049113,0.222803026,0.10927555,0.216618255,0.399545282,0.33656317,0.364372283
691.5029297,0.01546221,0.186953262,0.21917434,0.147188291,0.274595916,0.40470767,0.43134138,0.39850989
690.9978027,-0.020902516,0.221267551,0.274158329,0.234537602,0.276290596,0.384930581,0.41553843,0.395143628
690.4926147,-0.020091461,0.233287528,0.236106768,0.188489229,0.223662421,0.3906129,0.358332455,0.472880513
689.9873657,0.020442918,0.214042172,0.210181966,0.233993724,0.242669433,0.435205847,0.484460652,0.459062129
689.4819946,0.024474138,0.241144121,0.241603926,0.268584609,0.331750363,0.500184119,0.423888147,0.55069232
689.0126343,0.026763937,0.291746676,0.293831825,0.24644208,0.302862257,0.502994478,0.505749941,0.534773707
688.5070801,-0.013815204,0.267398417,0.2599397,0.352436692,0.304127395,0.506390452,0.402562469,0.601033449
688.0014648,0.00919519,0.358845145,0.295890182,0.217436403,0.329288572,0.542870402,0.49464339,0.558911622
687.4957886,-0.002302706,0.241981775,0.226558507,0.323353827,0.290291548,0.547821403,0.510754526,0.601572752
686.9899902,-0.012356222,0.306645662,0.226308018,0.286339492,0.366722614,0.521020651,0.609810293,0.511151612
686.4841919,0.014031968,0.32332015,0.282513648,0.286693692,0.323744118,0.572656751,0.455040187,0.514732599
686.0144043,0.002225362,0.310126483,0.296602905,0.287806183,0.398881644,0.574643314,0.604750216,0.805079818
685.5083618,0.008908306,0.293931723,0.311951369,0.326699257,0.30569458,0.530936182,0.560873628,0.529581845
685.0022583,0.021329489,0.300571173,0.302176714,0.390290499,0.407444835,0.530061722,0.55172044,0.655988753
684.4960938,0.027633643,0.337009549,0.242735386,0.323578298,0.349364966,0.532267869,0.585874438,0.478674561
683.9898682,-0.028512528,0.307600945,0.325765431,0.341903567,0.351070225,0.679035246,0.566084445,0.625182152
683.4835205,0.033515863,0.361776471,0.331990004,0.347096145,0.506182909,0.630321503,0.63006568,0.571295083
683.0133667,0.01792952,0.415635645,0.387792379,0.317510843,0.323992103,0.578268945,0.70425725,0.926217973
682.506897,0.010681616,0.379387438,0.295317531,0.403469533,0.395543218,0.679416299,0.609848261,0.659086347
682.0003052,-0.005540807,0.346587628,0.336354911,0.360191077,0.428444564,0.641653538,0.831614494,0.810947716
681.4936523,0.018989958,0.392544597,0.411251873,0.356925547,0.367397785,0.598171949,0.674808323,0.747055948
680.9868774,-0.024194451,0.407483161,0.312311798,0.380410016,0.312412053,0.713656008,0.649974287,0.705075681
680.5162964,-0.000366236,0.398617119,0.349609643,0.343407929,0.406001985,0.719888747,0.962340593,0.831505716
680.0093994,-0.015222863,0.369350314,0.324064314,0.37194705,0.433021039,0.704736352,0.631969631,0.74856329
679.5024414,0.023376966,0.326202005,0.356269807,0.330680817,0.440873534,1.125699043,0.938232243,0.803983629
678.9954224,-0.02705319,0.418796152,0.437216282,0.408421338,0.363259912,0.615413129,0.604728997,0.757430613
678.4882813,-0.004128079,0.410879999,0.412058711,0.433030993,0.425769836,0.705399096,0.615089476,0.838853061
678.017334,-0.005123555,0.38422972,0.375860125,0.332802743,0.382926822,0.664800882,0.957467854,0.878348112
677.5100098,0.009106044,0.405407041,0.351819843,0.348925948,0.400831848,0.665281653,0.806914449,0.832141578
677.0026855,-0.02284617,0.491772592,0.344898373,0.428798765,0.427494228,0.73562789,0.704050481,0.962098241
676.4952393,-0.013177367,0.409052044,0.386864334,0.374839276,0.42206037,0.657040954,0.962609589,0.905838966
675.9877319,0.00320543,0.408586383,0.348692238,0.391233474,0.378948957,0.680206657,0.981885135,0.877593458
675.5164185,-0.028265731,0.480037153,0.396314412,0.340524763,0.418938607,0.743158042,0.645385742,0.952784479
675.008728,0.010253279,0.407391995,0.360800773,0.332314462,0.427392423,0.948121846,0.754678786,0.947505474
674.5009766,0.002758427,0.396088958,0.371751428,0.462332338,0.336025536,0.729569376,0.559176862,0.620058894
673.993103,-0.021375963,0.418683827,0.326553762,0.384867966,0.425966859,1.121086597,0.667980552,0.851979971
673.4852295,-0.013835163,0.41580841,0.372974753,0.340267628,0.424157471,0.695521593,0.61819154,0.905858457
673.0135498,0.005318425,0.374612063,0.391961724,0.448734641,0.440221757,0.871395171,0.665236652,0.732880056
672.5054321,0.012462517,0.409951478,0.491241276,0.336117744,0.426371604,0.677659571,0.712136805,0.606407285
671.9973145,0.002675827,0.381363243,0.421624124,0.356178761,0.380462885,0.704421461,0.806219757,0.934556663
671.4891357,0.000234487,0.367464423,0.398619443,0.50351119,0.339209795,0.708864868,0.68079716,0.752356708
671.0170898,0.028442765,0.39522475,0.419716358,0.334388971,0.32887286,0.76226759,0.713272572,0.721203506
670.508728,0.000933908,0.445267707,0.331609756,0.339103848,0.348726392,0.804445565,0.693383157,0.855790854
670.0002441,0.011618384,0.407994568,0.310089648,0.323757857,0.39019689,0.738675833,0.753288746,0.716672003
669.4917603,0.001727696,0.375809699,0.306245446,0.353501588,0.441278547,0.809201002,0.738882542,0.63029635
668.9831543,0.023813637,0.342499912,0.30129081,0.362866014,0.31216535,0.621912956,0.695026994,0.889381886
668.5108032,-0.007688122,0.355998099,0.31084007,0.331979901,0.396927655,0.682460904,0.68294853,0.664865017
668.0020142,-0.021063972,0.308281511,0.363439083,0.341214389,0.298176616,0.765625477,0.657777548,0.731443584
667.4932251,0.02210575,0.329001367,0.32707873,0.314673811,0.386179537,0.577088177,0.651082099,0.57245177
666.9842529,0.013182702,0.369491965,0.276106715,0.251826018,0.348852456,0.529477716,0.511608779,0.592664838
666.5115967,-0.005481356,0.349720717,0.343170345,0.320887625,0.322867394,0.623453915,0.646079779,0.55876416
666.0025635,0.021933641,0.330271006,0.294298947,0.285266489,0.30333823,0.586673617,0.602214813,0.569598496
665.4933472,-0.014813113,0.338920683,0.296806604,0.241346315,0.379360169,0.66314429,0.548842132,0.608630776
664.9841309,0.022800948,0.300423294,0.277008176,0.349601924,0.297428966,0.542602003,0.456772178,0.450311214
664.5112305,0.013385198,0.334408134,0.261510164,0.224886313,0.270240098,0.389807105,0.483899534,0.538834035
664.0018311,0.007701317,0.27675882,0.28656286,0.271214813,0.292297125,0.527471304,0.494618744,0.599846959
663.4923706,0.014927504,0.271851778,0.314815551,0.29392907,0.290278852,0.454384595,0.51832968,0.564056099
662.9828491,-0.031364463,0.261084914,0.265826345,0.250415236,0.316162974,0.484845638,0.429719985,0.512496293
662.5096436,-0.000532769,0.252154172,0.175988823,0.196399897,0.275972039,0.469084352,0.455033541,0.474396139
662,0.016675903,0.195986912,0.247558773,0.265193045,0.26003933,0.407506675,0.409873158,0.425508887
661.4901733,-0.002914845,0.234834224,0.193240419,0.20707567,0.259220868,0.419029564,0.493172109,0.515589416
661.0167236,-0.012689311,0.236963123,0.231934488,0.236712277,0.202747792,0.429966182,0.4167853,0.394263506
660.5068359,0.004253506,0.249838769,0.222790793,0.196527958,0.22511515,0.398527533,0.314682156,0.376823336
659.9968262,0.005548434,0.258422226,0.124756366,0.185947582,0.201781392,0.422600091,0.415956497,0.447515965
659.4867554,-0.035708804,0.195136473,0.193203583,0.184990183,0.212424532,0.393179685,0.405418128,0.421814501
659.0131226,0.003119043,0.223058954,0.173524171,0.179201528,0.208521545,0.349499553,0.357709825,0.342241198
658.5028076,-0.004558994,0.194954559,0.148945808,0.185297653,0.202495724,0.382972032,0.347053677,0.446297377
657.9925537,0.006188408,0.213797063,0.167064548,0.119009949,0.240858987,0.325995028,0.393000692,0.376190901
657.4821777,0.013937547,0.174402595,0.187170893,0.185597077,0.212143198,0.33215642,0.296342433,0.371922672
657.0081177,0.020389711,0.171727747,0.132073775,0.191061571,0.190211684,0.365613937,0.405177891,0.317409098
656.4976196,0.023088533,0.148224905,0.155275881,0.16344966,0.217753783,0.323813289,0.283114672,0.36935389
655.9869995,0.020318147,0.178703263,0.098436952,0.118624747,0.173855722,0.310103566,0.332248509,0.338436574
655.5128174,-0.022256441,0.182558522,0.146760047,0.136548609,0.171686038,0.331027746,0.339220136,0.328558505
655.0020752,-0.01118925,0.184180096,0.172263086,0.19398129,0.189209834,0.278631032,0.345986277,0.328810364
654.491272,0.004231653,0.172365785,0.143417537,0.165335566,0.129433319,0.293008089,0.338050365,0.3544119
654.0167847,0.012656709,0.174802482,0.159946665,0.142924801,0.198851451,0.35026294,0.322797,0.32884863
653.5057983,0.031348266,0.156830415,0.168101281,0.15381442,0.211018026,0.316418022,0.299213558,0.312174946
652.994751,0.023922648,0.198454559,0.133226901,0.121527247,0.174494475,0.306920469,0.254849285,0.324896216
652.4836426,-0.004390359,0.137146279,0.117874004,0.119968809,0.172961682,0.313682139,0.271896422,0.362390727
652.0089111,0.001332945,0.155852988,0.176348642,0.140270561,0.171227187,0.291512609,0.284036994,0.313186705
651.4976807,0.038310472,0.129523546,0.170818299,0.12898998,0.199326888,0.256484389,0.296976596,0.226575255
650.9862671,0.017485786,0.164833248,0.143992931,0.123733915,0.211737558,0.242006585,0.239241779,0.330363244
650.5113525,0.041987401,0.185119048,0.136282533,0.186611489,0.115001164,0.238730773,0.296955705,0.281733334
649.9998169,0.000996847,0.117915399,0.173638716,0.110926837,0.175765395,0.259629637,0.278244138,0.266991854
649.4882813,-0.00602302,0.160796419,0.158502013,0.132687688,0.129844502,0.29175067,0.28788501,0.3198331
649.0131226,-0.007160652,0.154013664,0.10741061,0.140106201,0.182532191,0.280542523,0.329754651,0.263314456
648.5014038,-0.006585325,0.203729138,0.126140609,0.096547462,0.19923158,0.276625633,0.311485916,0.319580466
647.989624,0.010958922,0.151466146,0.137861237,0.131169975,0.172508836,0.309329629,0.244055584,0.333551645
647.5142212,0.024507087,0.147450566,0.135237917,0.194383502,0.153250113,0.317459047,0.26463902,0.341063619
647.0022583,0.018767208,0.103160739,0.152133107,0.119290821,0.206042439,0.323107541,0.299099356,0.262198597
646.4903564,0.021951284,0.131260738,0.138316214,0.136760071,0.215322837,0.229121208,0.294015408,0.288594067
646.0147705,-0.019060235,0.163054436,0.144071594,0.127887577,0.175723612,0.33967346,0.319418758,0.281846732
645.5025635,0.00127071,0.135735124,0.111525647,0.119406395,0.190660641,0.238653138,0.286257118,0.33789137
644.9902954,-0.023370687,0.15608272,0.143851221,0.179677501,0.161782384,0.291105211,0.29399392,0.318948001
644.5145874,0.035101417,0.184489876,0.14475058,0.142185345,0.203311682,0.307570189,0.287133455,0.330570847
644.0021362,0.003328664,0.160691768,0.161276043,0.153323755,0.194202349,0.276873678,0.320512682,0.369697064
643.4896851,0.020063158,0.167639986,0.125733674,0.207948044,0.219518319,0.266367436,0.249422029,0.307806462
643.0137329,0.014727206,0.180485308,0.136963174,0.159944087,0.189035505,0.290162206,0.32095772,0.357120603
642.5010986,0.019770253,0.1799898,0.165787622,0.155350551,0.154813379,0.291103303,0.335871011,0.321039975
641.9884033,-0.021694131,0.161746174,0.178684861,0.14245905,0.209657922,0.346813321,0.304248512,0.299885988
641.5122681,0.014908697,0.167225033,0.196027234,0.179862216,0.212703005,0.31906271,0.38694042,0.34634757
640.9994507,0.011163705,0.159360409,0.146871477,0.147177324,0.212020695,0.288645834,0.321387708,0.40099895
640.4865112,0.008951984,0.152092978,0.172867894,0.185999543,0.182432503,0.286581904,0.28409633,0.270026982
640.0101318,-0.012991847,0.146534368,0.205733463,0.145843446,0.20049952,0.3188079,0.28150332,0.340795785
639.4970703,0.041788764,0.192492575,0.167295113,0.188717544,0.162413999,0.361850768,0.333649367,0.299591452
638.9838867,0.012354854,0.184138641,0.118330672,0.148680776,0.177355021,0.305486172,0.296427876,0.367522091
638.5073853,0.015817937,0.164565906,0.136109322,0.148174763,0.233377814,0.356669068,0.32340467,0.314659238
637.9940796,-0.008394753,0.172236264,0.162046924,0.154163703,0.202631012,0.321819842,0.329911411,0.351977795
637.517395,0.023363117,0.240687639,0.185459614,0.164700314,0.215839744,0.279535174,0.349171102,0.31931892
637.0039063,0.02936827,0.154824838,0.156865075,0.167283014,0.157088056,0.316137403,0.337295622,0.323382139
636.4904175,0.019554414,0.231888399,0.145407945,0.152730539,0.196621984,0.356786102,0.352169395,0.283230126
636.0134888,-0.005647575,0.216407865,0.141185522,0.170218453,0.22224389,0.31967628,0.346935064,0.303292424
635.4998779,0.022213379,0.201432079,0.195690438,0.144111484,0.186634123,0.307461917,0.340115547,0.364220113
634.986145,0.031658359,0.236250356,0.159324765,0.1637128,0.218005031,0.342577875,0.299824774,0.314565986
634.5090332,-0.010906862,0.159715936,0.135099471,0.128834397,0.194849327,0.33320111,0.368652046,0.293575794
633.9951172,0.00677821,0.161265492,0.192056373,0.150848448,0.178948224,0.25786823,0.290808588,0.339692831
633.5178833,0.006167954,0.152098194,0.164479405,0.16534622,0.200945109,0.326753527,0.331769586,0.275820434
633.0038452,0.02989278,0.167409092,0.19626236,0.178124502,0.244834006,0.297855228,0.322651207,0.269281745
632.4898071,0.007814343,0.203803212,0.166579187,0.118486419,0.202172309,0.324792117,0.325004935,0.365410626
632.0123291,0.01631931,0.217646688,0.203638852,0.15595533,0.211352274,0.331352115,0.341189563,0.323008418
631.4980469,-0.002421393,0.179382876,0.153528452,0.119876787,0.19833982,0.29514572,0.282891959,0.335145295
630.9837646,0.007689118,0.160379067,0.164957434,0.178562626,0.153358802,0.299522519,0.307949752,0.347968131
630.5061035,-0.001052231,0.170649096,0.14429386,0.168830082,0.21731469,0.318691999,0.319972843,0.322703213
629.9916382,0.019652773,0.137869522,0.166856617,0.167461664,0.239049614,0.32469517,0.321548373,0.337750465
629.513916,0.01972886,0.155513048,0.171480641,0.155793026,0.153045297,0.275440574,0.316089928,0.361474931
628.9992676,0.032794211,0.171040624,0.177144393,0.172040731,0.171176851,0.312632054,0.319033951,0.312270135
628.4846191,0.010793909,0.1428051,0.176021516,0.147423953,0.182861105,0.310492486,0.297273159,0.337240547
628.0065918,-0.003246054,0.198779315,0.146699399,0.153095752,0.204150632,0.341340005,0.271848917,0.300880283
627.4918213,0.002114015,0.161380723,0.188497111,0.154135317,0.215058997,0.355191082,0.335847557,0.349850923
627.0136719,0.020477079,0.171034128,0.163944349,0.150648132,0.204181612,0.344040304,0.338663101,0.357915431
626.4987793,0.018690722,0.170318022,0.192022741,0.150973663,0.211005434,0.298581153,0.353174329,0.302878708
625.9837036,0.01484829,0.152654424,0.144431889,0.176331669,0.213545397,0.316767037,0.281606406,0.305725366
625.5053711,0.028235503,0.17129086,0.144838691,0.176981226,0.198839292,0.300769389,0.289756,0.306960583
624.9901123,0.016217565,0.166056246,0.119305879,0.160915598,0.171871647,0.289733648,0.291132093,0.328231841
624.5117798,-0.009456196,0.137660459,0.160839483,0.16474475,0.202426583,0.321838498,0.300461173,0.323771119
623.9963989,-0.000349372,0.175466776,0.136243209,0.137478873,0.180565417,0.335891515,0.324386925,0.333045453
623.5178223,0.01218385,0.209030941,0.199702442,0.142069534,0.201979756,0.317589372,0.298125088,0.286561459
623.0023804,0.01674189,0.173038855,0.177020446,0.147681892,0.17924428,0.271469921,0.330864698,0.290493667
622.4868164,0.032082539,0.157212883,0.174223214,0.135265306,0.202975139,0.274944574,0.239411503,0.352249831
622.0081177,0.022266345,0.142056331,0.195948139,0.161696628,0.216944054,0.298890203,0.274518818,0.330813438
621.4923706,-0.010118131,0.156897619,0.150047332,0.170141161,0.191384375,0.268044442,0.345506519,0.326720178
621.0134277,0.02601284,0.194088325,0.164927691,0.116310492,0.212116033,0.302835941,0.305982024,0.256879062
620.4976196,0.030709878,0.178337127,0.159357339,0.184969097,0.232385963,0.294630826,0.30522269,0.303816319
619.9817505,0.038017858,0.19995141,0.152532339,0.142946526,0.191354975,0.305282176,0.303276807,0.309023917
619.5026245,0.011207053,0.168080851,0.15342325,0.156994,0.188048214,0.292501092,0.297100931,0.292222947
618.9866333,0.02879402,0.128064036,0.125188693,0.108726673,0.167319477,0.258508533,0.292706698,0.289258033
618.5073242,0.001300281,0.16516155,0.177264571,0.173667178,0.176674187,0.268418789,0.281013519,0.294893533
617.9911499,0.012296079,0.178187892,0.097084902,0.151911765,0.148513049,0.305923611,0.275205433,0.299188197
617.5118408,0.022191856,0.153430253,0.172530517,0.121047579,0.228505194,0.269175679,0.268590778,0.35451135
616.9955444,0.025011742,0.132202312,0.18298398,0.182553589,0.18350251,0.30124265,0.274405718,0.294023782
616.5160522,0.013724746,0.143023387,0.134546593,0.121998504,0.178181142,0.308984339,0.293906331,0.267751128
615.9995728,0.029842313,0.186650485,0.153043896,0.153971106,0.15895623,0.291653097,0.343478441,0.326215059
615.4829712,0.022429209,0.171477109,0.17326498,0.144749135,0.129973888,0.279073507,0.262428671,0.307787418
615.0033569,0.025322994,0.181813017,0.155564308,0.142809242,0.155259863,0.279280216,0.271434575,0.295908243
614.4866943,0.029010767,0.136433557,0.129689023,0.112511702,0.186582729,0.312085331,0.252403081,0.265053242
614.0067749,0.025523271,0.148426265,0.129269227,0.114516847,0.161414281,0.269761473,0.269109964,0.308751315
613.4899902,0.040855318,0.145603761,0.135605171,0.132885829,0.166539177,0.295311838,0.290842116,0.296709657
613.0100098,0.045609143,0.150824159,0.153171316,0.152973235,0.14752236,0.257210583,0.274328858,0.354465067
612.493103,0.026984463,0.150538951,0.12831156,0.123103611,0.176219016,0.301895738,0.262712151,0.280293673
612.0130005,0.000130381,0.146933451,0.135719806,0.150114432,0.188123569,0.268871069,0.243752182,0.27358669
611.4959106,0.024086572,0.165571436,0.127429396,0.139705941,0.180678219,0.270662278,0.268553436,0.301747441
611.015625,0.021466298,0.16031754,0.123360425,0.129257411,0.190029889,0.261885315,0.300017625,0.276550263
610.4984741,0.017184893,0.138866603,0.138922691,0.12028499,0.182396099,0.248913288,0.240919337,0.24308686
610.0181274,0.009541479,0.149414673,0.11710798,0.105727896,0.18258296,0.284910023,0.265534401,0.250485897
609.5007324,0.027883096,0.135458976,0.133193195,0.13487117,0.165499464,0.254177272,0.277218819,0.286248058
608.9833374,0.027728356,0.143469289,0.138152972,0.131580308,0.166331038,0.248922706,0.249428093,0.29061684
608.5027466,0.021993382,0.138064206,0.125912517,0.139300659,0.17612806,0.24887526,0.294242531,0.262711316
607.9851685,0.022676399,0.129350051,0.123401247,0.136655137,0.172121331,0.293076843,0.255115956,0.272954136
607.5045166,0.018845709,0.136631146,0.134524226,0.141178936,0.160746083,0.264177054,0.262381971,0.273466051
606.9868164,0.02248043,0.16456382,0.116653755,0.128569767,0.15782927,0.253121972,0.264257014,0.249479443
606.5059814,0.015132344,0.152326942,0.121748015,0.11425332,0.171559289,0.261575878,0.281838089,0.264183998
605.9880981,0.024654463,0.138170302,0.148670062,0.112588853,0.160447717,0.203811869,0.213053212,0.261937976
605.5072632,0.024747215,0.159972891,0.158988044,0.135766149,0.178999901,0.237485275,0.240010306,0.257998854
604.9891968,0.01566411,0.143317819,0.127023473,0.103179522,0.175884336,0.268223405,0.255118251,0.261459917
604.5081787,0.017467974,0.157261476,0.108018726,0.14227201,0.150733277,0.245235756,0.282364458,0.263926119
603.9900513,0.00372453,0.158699125,0.123979464,0.114123993,0.167418569,0.22569041,0.242360994,0.260193795
603.5089111,0.027346615,0.119495079,0.137782052,0.112258174,0.162785515,0.21058552,0.227929354,0.267973334
602.9906006,0.024230247,0.122858457,0.140406847,0.142730847,0.117223084,0.212322667,0.247212023,0.247252926
602.5092773,0.025636284,0.12370903,0.134812459,0.137230903,0.14154914,0.241702631,0.253107429,0.240562096
601.9909058,0.022968462,0.121680319,0.118534133,0.12054906,0.148249671,0.221207187,0.22685492,0.253861845
601.5093994,0.017788669,0.101041123,0.135669738,0.118992411,0.143123061,0.252693415,0.249257118,0.269141287
600.9908447,0.002092607,0.127763331,0.111935586,0.093110599,0.155626386,0.24523522,0.275159419,0.247768879
600.5093384,0.024191136,0.120132655,0.119699255,0.119127326,0.166936263,0.250047863,0.251008868,0.265121669
599.9906616,0.030452769,0.125752151,0.126285583,0.125640601,0.160366491,0.267372012,0.233953089,0.272987902
599.5089111,0.014634989,0.154939205,0.121896014,0.144317254,0.16446726,0.254957378,0.255928487,0.260654837
598.9901123,0.035263721,0.156103894,0.13552846,0.125629231,0.154719442,0.221640661,0.247983173,0.254764199
598.5083008,0.027107084,0.148433551,0.127578616,0.117477082,0.161792979,0.249112606,0.275221616,0.266031951
597.9893799,0.022520233,0.143814415,0.137164623,0.12046621,0.170068011,0.263835669,0.247161672,0.247216642
597.5073853,0.030509889,0.144771501,0.146900997,0.131381571,0.151658759,0.258749813,0.2409468,0.237005204
596.9882813,0.018632598,0.149577931,0.12861076,0.128878966,0.153929368,0.240464494,0.243410289,0.285688639
596.5062866,0.017674312,0.133807227,0.139483064,0.096588269,0.146025226,0.260151237,0.257412493,0.25507018
595.9870605,0.024424326,0.150505051,0.132686526,0.112130575,0.161935628,0.224265859,0.231884286,0.296476126
595.5048218,0.016402906,0.15645887,0.154779881,0.137629211,0.14812474,0.248043835,0.256028384,0.263179123
594.9854736,0.020982206,0.147749111,0.141091019,0.122087918,0.172144607,0.245137334,0.242238849,0.250229061
594.5031738,0.032267805,0.133662432,0.134528816,0.119084105,0.167366996,0.237569332,0.23296316,0.27090773
593.9836426,0.000452956,0.176711276,0.119628236,0.138838485,0.147582725,0.235271812,0.282470852,0.231944695
593.5012207,0.012848589,0.147795454,0.125193566,0.12269076,0.148545772,0.240672737,0.263322592,0.315027297
592.9815674,0.024355818,0.148541957,0.133664116,0.138211653,0.148388743,0.237905413,0.265677989,0.269637317
592.4989624,0.033395611,0.163137823,0.142283499,0.117701739,0.150854424,0.290151805,0.288440198,0.273463458
592.0163574,0.040308915,0.144973934,0.160625175,0.160533994,0.150745437,0.229476094,0.247891903,0.279239804
591.496521,0.051152054,0.13374491,0.140005529,0.14438428,0.198359117,0.226696864,0.26368162,0.267169058
591.0137329,0.026903735,0.150738627,0.113714442,0.146809667,0.171433657,0.280176044,0.2930094,0.281317979
590.4937744,0.021793853,0.154848725,0.137009978,0.108489931,0.197055057,0.237521201,0.259437263,0.260760039
590.0109253,0.021700343,0.143755227,0.13864629,0.105383724,0.166406825,0.270773858,0.238822416,0.311868489
589.4908447,0.003531863,0.134295419,0.118284404,0.1396669,0.168334678,0.232139602,0.275410026,0.27250728
589.0077515,0.038895044,0.135239258,0.157462418,0.143231988,0.150568679,0.238587901,0.256564379,0.294347018
588.4875488,0.035802234,0.175033286,0.13854304,0.114157826,0.166240037,0.270003021,0.232852653,0.274419457
588.0044556,0.038266055,0.154023215,0.148406625,0.141626507,0.176905677,0.25457269,0.256842077,0.263986826
587.4840698,0.029820632,0.142311513,0.122226059,0.128512934,0.138195708,0.286543995,0.268234462,0.290140301
587.0008545,0.019180788,0.183310822,0.163722798,0.149835646,0.163964883,0.269662648,0.310205728,0.277725339
586.5174561,0.013529942,0.16666238,0.132133454,0.112963937,0.160905808,0.295878083,0.260059595,0.284194648
585.9968872,0.012375254,0.160122886,0.148835078,0.182246059,0.176203981,0.263677865,0.268919438,0.266447932
585.5134888,0.017000724,0.159672871,0.139680937,0.110278525,0.176769063,0.241364196,0.277807385,0.250837982
584.9927979,0.020039167,0.115024373,0.164195955,0.125072643,0.160650924,0.221229374,0.294122428,0.303576469
584.5092163,0.004436556,0.158910066,0.120154195,0.148855582,0.167330846,0.278271556,0.248815715,0.244896188
583.9884033,0.012099944,0.141743004,0.138937563,0.129728526,0.198189527,0.300366432,0.249175787,0.264429718
583.5046997,0.014001758,0.166312963,0.139234513,0.134475291,0.171598598,0.277373284,0.281240255,0.257230848
582.9837646,0.021455556,0.170626774,0.151905969,0.121276483,0.163220257,0.288879424,0.243046269,0.257895976
582.4998779,0.003146472,0.126252964,0.1405821,0.115035236,0.214287937,0.248775557,0.24902162,0.285769999
582.0159912,0.030001247,0.177724749,0.136045009,0.137921691,0.172850668,0.253513336,0.261914104,0.282674581
581.494873,0.032299619,0.155882269,0.140552864,0.123538874,0.153839022,0.263144672,0.247744933,0.305839628
581.0108643,0.024536476,0.164233521,0.133119866,0.118074812,0.162926942,0.251807243,0.264156133,0.262242258
580.489563,0.034752652,0.163737625,0.13108553,0.136197791,0.168377712,0.264808297,0.270933986,0.293762505
580.0054321,0.013799587,0.152235478,0.132101446,0.12401817,0.194356039,0.245641306,0.305726379,0.263078302
579.4840088,0.03290768,0.131949574,0.146177322,0.137310371,0.175693244,0.228106707,0.2769382,0.305145174
578.9998169,0.016271954,0.132658526,0.15936698,0.129455775,0.158208773,0.240073115,0.276033491,0.271863312
578.5154419,0.007006126,0.16510132,0.134038061,0.122547567,0.186057538,0.241382286,0.283544391,0.263183802
577.9938354,0.027289001,0.163712382,0.130034402,0.143309638,0.162262395,0.260627985,0.269453943,0.279250175
577.5094604,0.016964978,0.140067458,0.142126381,0.146914795,0.164774686,0.274212688,0.230860859,0.280941397
576.9877319,0.034517188,0.161395401,0.152023435,0.150850654,0.183140814,0.258880734,0.278889448,0.241977662
576.5031128,0.052932762,0.169476837,0.155355141,0.131439135,0.174568757,0.286517143,0.298309267,0.269570857
576.0184937,0.034386601,0.149481535,0.128575549,0.127954051,0.163682833,0.267959654,0.27053526,0.301297337
575.496582,0.024943553,0.149486512,0.129227445,0.122108698,0.152910471,0.282751411,0.262663782,0.286211282
575.0119019,0.016563047,0.153554738,0.148906887,0.140223622,0.16911462,0.250171214,0.266030192,0.301915765
574.4898071,0.034695592,0.145598337,0.12483234,0.127903938,0.170308948,0.256021857,0.261185646,0.272201687
574.0048828,0.024349958,0.15656428,0.128905132,0.150375038,0.195274547,0.266434312,0.293083519,0.312183887
573.4827271,0.036558948,0.175651804,0.124980673,0.13846156,0.171195015,0.286407322,0.2791228,0.282424003
572.9977417,0.032975093,0.161163062,0.165268272,0.131697491,0.171977252,0.247167617,0.269956678,0.280363739
572.5127563,0.002948249,0.156226575,0.150119528,0.12991041,0.198736891,0.295728326,0.264781922,0.296033353
571.9902954,0.023262739,0.127904296,0.152186096,0.125986591,0.197355971,0.277489096,0.264678448,0.302105486
571.505127,0.027915945,0.161587447,0.159972787,0.11733295,0.184085041,0.280400008,0.291901827,0.285637647
570.982666,0.036051616,0.139928818,0.159758151,0.166141823,0.175274313,0.252468854,0.240363404,0.28076002
570.4973755,0.029455027,0.157021388,0.139432028,0.117408492,0.138035566,0.25923121,0.311732143,0.273505449
570.012085,0.02683332,0.158745095,0.155965969,0.12624684,0.170717999,0.274007887,0.282432407,0.277287483
569.4893188,0.024325373,0.139882013,0.141398445,0.133848444,0.185946509,0.278636307,0.27171883,0.301711768
569.0038452,0.031221548,0.123144545,0.132844567,0.127050847,0.145769939,0.262997925,0.272725076,0.311389744
568.5183716,0.028804284,0.164596275,0.150810018,0.11837469,0.159209758,0.270884186,0.274925351,0.283855081
567.9954224,0.011861811,0.153421044,0.150591373,0.111622199,0.181247264,0.301793337,0.284456849,0.282368571
567.5098267,0.014715183,0.18198885,0.143030286,0.142796144,0.168614045,0.278183818,0.294740826,0.307282478
566.9868164,0.01935124,0.171805129,0.144757047,0.150763497,0.174960896,0.29883948,0.258529961,0.316420287
566.5009766,0.017057125,0.151632145,0.145799264,0.109555155,0.183808759,0.300804079,0.276482701,0.315113485
566.0151978,0.034229193,0.145078972,0.138091594,0.139715999,0.164661691,0.300496966,0.26434806,0.289848566
565.4919434,0.038451746,0.174694955,0.150061369,0.123827823,0.187855512,0.275142551,0.286084116,0.290508986
565.0061035,0.029431729,0.156890452,0.133359239,0.138671979,0.18413575,0.283305824,0.29750371,0.301319569
564.4827271,0.022612531,0.168007314,0.136956468,0.130102813,0.200944126,0.270542771,0.286361098,0.315596223
563.9966431,0.037032764,0.152135268,0.147296131,0.147922546,0.17457135,0.263639778,0.28835538,0.292219698
563.5105591,0.01161328,0.158372909,0.146543324,0.151630357,0.189084992,0.27216199,0.338197351,0.33205086
562.9870605,0.026636815,0.17176795,0.147137508,0.167961091,0.186498493,0.300596714,0.294914007,0.333008051
562.5007935,0.01850054,0.132551447,0.161050722,0.165639654,0.177338585,0.328769445,0.319046348,0.316585392
562.0145264,0.025492059,0.15971373,0.153908864,0.163893864,0.182484269,0.33603093,0.306643099,0.347509712
561.4907227,0.023097133,0.150499478,0.172652453,0.159414664,0.176594719,0.295715332,0.295461386,0.333426327
561.0043945,0.022147262,0.166557267,0.154357299,0.136573449,0.195905298,0.272794336,0.297113657,0.334941149
560.5178833,0.01957532,0.186734229,0.158427045,0.144324794,0.176627919,0.342000693,0.32149598,0.325151354
559.9939575,0.035831612,0.193980441,0.156950265,0.15101397,0.204655796,0.318044871,0.337384671,0.367764741
559.5074463,0.038515557,0.1578044,0.171008349,0.173187986,0.194306716,0.321674496,0.344711363,0.376024604
558.9833374,0.023285653,0.165535539,0.176475436,0.153271988,0.174548522,0.326204032,0.341095984,0.349170536
558.4966431,0.033065364,0.188916266,0.159328058,0.188899711,0.196440622,0.305144042,0.344648898,0.371591568
558.0098877,0.017090941,0.191902652,0.151655391,0.162273482,0.199801177,0.314216197,0.339692086,0.350368261
557.4855957,0.032972801,0.161634982,0.156544313,0.148135409,0.188394353,0.3420555,0.301782429,0.329981953
556.9987793,0.009426547,0.158221558,0.176149532,0.164972276,0.214499548,0.341542274,0.335156173,0.425438225
556.5118408,0.025501695,0.179991603,0.153679326,0.169042364,0.204912067,0.346835852,0.336215347,0.385038316
555.9873657,0.026411347,0.187092945,0.18822287,0.172701418,0.209659517,0.369031221,0.353466988,0.402348965
555.5003662,0.030147504,0.191820145,0.155434847,0.162195176,0.215084955,0.368523449,0.376201809,0.373403937
555.0133057,0.027232552,0.210941732,0.166785613,0.185922787,0.212200165,0.372677892,0.363377035,0.376817465
554.4887085,0.0181462,0.213557974,0.190940321,0.181068718,0.207433239,0.373347461,0.379323065,0.37067458
554.0014038,0.031687289,0.177817166,0.20773299,0.170153305,0.220579118,0.34671405,0.369014055,0.39960748
553.5142212,0.016814375,0.202619493,0.194773763,0.181261733,0.206759661,0.35289523,0.354085088,0.432245582
552.9893799,0.035623126,0.201153994,0.192161247,0.165300831,0.218260571,0.384822398,0.373431474,0.378692925
552.5019531,0.038010512,0.180619046,0.180479497,0.18908459,0.249031588,0.388963938,0.401619345,0.432176232
552.0145264,0.029386966,0.226106331,0.199139282,0.168759674,0.241051585,0.372327,0.38531965,0.427163601
551.489563,0.023218909,0.218293175,0.177437127,0.195360154,0.221607462,0.390760124,0.419084489,0.384164363
551.0019531,0.026808649,0.201264173,0.181300044,0.165247887,0.222196698,0.369688481,0.420311213,0.392724812
550.5143433,0.032039896,0.218538791,0.205683857,0.18105942,0.22353363,0.410892934,0.403642118,0.415832937
549.9891968,0.037754327,0.203624621,0.192647889,0.199105293,0.22952351,0.417630166,0.415720612,0.44561711
549.5014648,0.034473188,0.210141644,0.216618761,0.185664222,0.243008673,0.386444628,0.413008571,0.434702635
549.0136108,0.026525138,0.215583444,0.195520833,0.208704412,0.248657048,0.413696587,0.393160015,0.415270656
548.4882813,0.027582664,0.210529357,0.200810447,0.201305941,0.214023396,0.419527739,0.389472038,0.435245872
548.0004272,0.029966356,0.207184896,0.212126702,0.197476611,0.223464474,0.41610831,0.405593723,0.431665182
547.5124512,0.023619669,0.219928965,0.202427611,0.20040597,0.243276149,0.416440666,0.41440782,0.408471078
546.9868774,0.028126342,0.216800615,0.205428764,0.195750281,0.259803146,0.425063014,0.43525824,0.444939345
546.4987793,0.038871974,0.217035011,0.198482737,0.203819886,0.238727048,0.449446887,0.413599134,0.450911373
546.0106812,0.034140274,0.233822152,0.222674549,0.209562793,0.231326297,0.438910455,0.423351139,0.447607696
545.4849243,0.02852436,0.232358784,0.208650589,0.193294182,0.248088017,0.420136273,0.434456855,0.452167094
544.9966431,0.032081563,0.211685807,0.222012147,0.203281626,0.263905138,0.423698515,0.441367388,0.449572563
544.5083618,0.039426744,0.234837338,0.204905927,0.215933651,0.245561108,0.440212876,0.476388395,0.441476554
543.9824829,0.029875893,0.214815006,0.206061408,0.212452769,0.253499955,0.429984957,0.449908912,0.458195061
543.4940796,0.037433278,0.23874481,0.22515367,0.218677655,0.25556916,0.446334034,0.447955996,0.456211507
543.0054932,0.027311027,0.227966055,0.21796231,0.215038821,0.244135737,0.440432042,0.443133593,0.453305095
542.5170898,0.033975646,0.233128235,0.215669274,0.209745437,0.259595126,0.442428649,0.469334841,0.48862949
541.9908447,0.029094018,0.234836042,0.213441595,0.217150092,0.258789361,0.447335422,0.459782034,0.472153246
541.5021973,0.031096034,0.227659404,0.225787222,0.20416297,0.245174393,0.455728114,0.474939406,0.484763235
541.0135498,0.03283193,0.252762437,0.223673597,0.213835895,0.252470702,0.456505269,0.440152556,0.494802713
540.4871826,0.036318395,0.229311168,0.227813736,0.215218097,0.258596808,0.472575307,0.467108548,0.482062578
539.9984131,0.037979096,0.246448323,0.225649938,0.219353348,0.257186711,0.44154644,0.470571578,0.517998517
539.5094604,0.026078971,0.243981987,0.227682784,0.212352634,0.26518479,0.476572394,0.485924572,0.479840577
538.9829102,0.040588982,0.242033482,0.227665782,0.237276197,0.245208994,0.505368531,0.454762638,0.520895839
538.4940186,0.036772281,0.242077857,0.229189694,0.223478198,0.273272157,0.439346999,0.470392168,0.501928568
538.0048828,0.03477234,0.243990615,0.243253902,0.215089068,0.250477105,0.483198434,0.500625432,0.476817668
537.5158691,0.032425787,0.257870823,0.237358555,0.236061961,0.262998849,0.457516342,0.464412928,0.494300544
536.9890747,0.028094804,0.244962797,0.231261924,0.233008698,0.268739969,0.47559154,0.47960785,0.501776874
536.499939,0.041216705,0.248298571,0.235977992,0.2345552,0.279594243,0.469988257,0.49967441,0.517640293
536.0106201,0.041571673,0.268545836,0.244004548,0.236479506,0.283610642,0.498093337,0.474747688,0.537808299
535.4836426,0.03367433,0.242203489,0.23713018,0.24006024,0.278970629,0.484205216,0.499130338,0.493342161
534.9943237,0.03815525,0.269196123,0.238061905,0.244013086,0.26998955,0.50116837,0.488683879,0.513626754
534.5048218,0.037700143,0.268659711,0.2472682,0.225506723,0.280398965,0.50092274,0.510105848,0.537212312
534.0154419,0.033723202,0.261859059,0.24576965,0.224486262,0.280427069,0.493364006,0.525739133,0.507997453
533.4882202,0.032626104,0.261572897,0.241801456,0.243079439,0.274156004,0.516758442,0.498166114,0.537240982
532.9986572,0.028964138,0.27199772,0.253467351,0.240727156,0.272696793,0.524642348,0.514428735,0.532058775
532.5089111,0.03082394,0.270708263,0.253599286,0.247475371,0.267053008,0.512495935,0.493810087,0.551759183
531.9815674,0.02978459,0.260756135,0.255779922,0.245475724,0.27092272,0.533761919,0.529573202,0.52469033
531.4918823,0.030662095,0.260921061,0.253854096,0.241725311,0.276943564,0.519412875,0.50846529,0.538925886
531.0020142,0.034436952,0.267100781,0.253312022,0.253029615,0.29743579,0.515380323,0.51770848,0.521094441
530.512146,0.032808505,0.281671614,0.263175994,0.252777576,0.298261583,0.528139412,0.541831255,0.533405483
529.9845581,0.033299848,0.289976478,0.264796078,0.261712521,0.286214978,0.51688993,0.519627512,0.548407793
529.4945679,0.036938224,0.283970028,0.26476559,0.25970909,0.295349509,0.516355753,0.519092619,0.554005683
529.0045166,0.036302015,0.279878527,0.260580391,0.263652265,0.29823947,0.534550309,0.523409367,0.569353759
528.5144043,0.043155976,0.282385469,0.263071597,0.265823275,0.301353753,0.54751116,0.524210155,0.535669506
527.9866333,0.042026721,0.286137581,0.268292278,0.26249072,0.288122267,0.55897218,0.523416281,0.557354629
527.4963989,0.036666561,0.301636934,0.268912792,0.274888933,0.30353415,0.526833117,0.545937598,0.55555141
527.0061035,0.049805664,0.283708036,0.286105126,0.275074571,0.294892222,0.50799191,0.53000176,0.579490066
526.5158691,0.042243727,0.289043367,0.276888639,0.28267175,0.304013938,0.541724622,0.535681665,0.576653183
525.9877319,0.042160198,0.30506742,0.277546734,0.274621487,0.301935732,0.558818162,0.550424516,0.565539479
525.4973145,0.042785544,0.29118079,0.275249481,0.289402306,0.296706587,0.536501825,0.542455256,0.577889264
525.0068359,0.04896998,0.296892017,0.280429751,0.274268985,0.308979809,0.567151725,0.533458948,0.571120799
524.5163574,0.043222424,0.311076015,0.276210696,0.272988617,0.30889982,0.592824459,0.585642099,0.579384327
523.9880371,0.037847914,0.291666716,0.288116783,0.279984653,0.301143438,0.558261871,0.549493671,0.561208069
523.4973755,0.045914516,0.302586079,0.282464445,0.290957958,0.329689324,0.532103539,0.565067112,0.586178601
523.0066528,0.047142103,0.284147978,0.279333442,0.256920397,0.332015842,0.545663238,0.563699007,0.617681325
522.5159302,0.043957476,0.316772014,0.282148361,0.288357616,0.322987467,0.579454005,0.503813684,0.59719497
521.9873657,0.046450648,0.301578045,0.273333758,0.2885153,0.324698567,0.593142986,0.602080464,0.591086268
521.496521,0.039044186,0.316745311,0.296548665,0.285116583,0.323635995,0.588454425,0.578272224,0.581654668
521.0056152,0.054053772,0.310863197,0.289791852,0.289021105,0.332210898,0.560396314,0.55871582,0.569204807
520.5146484,0.041202135,0.324177355,0.31027779,0.295348585,0.317994326,0.566101909,0.557083547,0.613013446
519.9858398,0.049993046,0.309242249,0.309789658,0.288679451,0.334968478,0.580019295,0.591800988,0.602236569
519.494812,0.038870275,0.319371492,0.305949092,0.304180026,0.323995024,0.62132293,0.571221829,0.628477275
519.0036621,0.061119944,0.325712353,0.299280673,0.291217208,0.325401813,0.607847631,0.596933365,0.626128674
518.5125122,0.045190051,0.329485267,0.291136056,0.310728103,0.35465762,0.574880362,0.584748626,0.606201112
517.9835205,0.056205206,0.343230486,0.31367293,0.30265969,0.323966026,0.573204219,0.57377249,0.646846294
517.4922485,0.065872863,0.306356818,0.313945234,0.291651756,0.33641234,0.614958346,0.626826525,0.6642434
517.0008545,0.052895129,0.323762536,0.298077405,0.291797102,0.333863854,0.593574166,0.589325607,0.615157604
516.5095215,0.051192768,0.328412294,0.314444512,0.3015908,0.342365325,0.651243985,0.588775873,0.647712469
516.0180664,0.041192029,0.329555243,0.303194076,0.31386447,0.318249136,0.574673355,0.571850479,0.643516541
515.4887695,0.050245773,0.311323971,0.298167408,0.312019169,0.346817106,0.582159042,0.615388572,0.668314278
514.9971924,0.062881462,0.345468551,0.331952632,0.314148068,0.335094065,0.592559278,0.565118909,0.611446619
514.5055542,0.063281395,0.345235586,0.313100666,0.32381922,0.346158236,0.576926529,0.610319436,0.645904779
514.013916,0.055553306,0.349734664,0.306195498,0.32565701,0.350712717,0.612869263,0.578574836,0.596095562
513.484375,0.057986178,0.3335343,0.317902267,0.306588024,0.352563947,0.608498454,0.633831799,0.624181688
512.9926758,0.061072003,0.34830007,0.348987281,0.321783841,0.384312123,0.638633549,0.604803503,0.628983319
512.5007935,0.065269656,0.352969885,0.320706517,0.338082463,0.393060565,0.611838758,0.624024808,0.682561517
512.0089722,0.058299255,0.353454709,0.345194399,0.303885043,0.375670433,0.595205426,0.621077001,0.655812383
511.5170288,0.066290818,0.364621103,0.329054773,0.314594835,0.387679458,0.646585107,0.622879505,0.658106625
510.9871826,0.051974442,0.367370486,0.329032391,0.342918694,0.367766649,0.660661459,0.610503078,0.706305563
510.4951477,0.065358654,0.368515015,0.346585155,0.32274881,0.362194985,0.640429854,0.609358251,0.731221736
510.0030823,0.067069508,0.346362203,0.369946927,0.314845383,0.357719362,0.635371566,0.624032974,0.71438539
509.5109558,0.066614434,0.378124863,0.341765791,0.331429601,0.359509826,0.610974431,0.611166894,0.665758252
509.0187378,0.064424545,0.357501715,0.347501367,0.348544389,0.371919274,0.628981412,0.627886534,0.736587822
508.4886475,0.059111279,0.370117039,0.342601299,0.337501496,0.399321795,0.63417542,0.629271805,0.712132573
507.9963684,0.057829533,0.381654978,0.34599635,0.356174082,0.390949249,0.615266621,0.638437212,0.696697295
507.5039978,0.05947287,0.381458163,0.345280558,0.34704864,0.393398047,0.584636152,0.703398466,0.630557478
507.0115967,0.064332105,0.378819734,0.35563454,0.333027005,0.388253719,0.654689312,0.628261209,0.683307648
506.4812622,0.079145625,0.404909015,0.371963471,0.371218383,0.375560969,0.644333363,0.669078589,0.65230912
505.9888,0.064382754,0.374245286,0.339009851,0.352852404,0.390091211,0.645402193,0.738833666,0.692748666
505.4962463,0.077003017,0.363725603,0.360298425,0.362667888,0.382231861,0.755672514,0.660755277,0.69251889
505.0036926,0.078041092,0.387385994,0.33378154,0.363832504,0.422997594,0.685573399,0.620337129,0.707159698
504.5109863,0.068000756,0.420186847,0.376260012,0.359224707,0.405482411,0.695004642,0.718360603,0.684912682
504.01828,0.073399089,0.401794851,0.35719946,0.38186422,0.389043659,0.709692121,0.633898914,0.703231633
503.4876099,0.061394677,0.365169764,0.363537878,0.411534548,0.386954039,0.683199287,0.667075217,0.726110339
502.994812,0.066270009,0.396925658,0.355755776,0.374212712,0.405749679,0.684532583,0.671103954,0.776204407
502.5018921,0.082510002,0.365984649,0.384300023,0.373933971,0.399990082,0.714643061,0.701364756,0.793886066
502.0089417,0.075141974,0.406377196,0.355812937,0.382073343,0.431821466,0.705907643,0.728260815,0.761337936
501.5160522,0.08530575,0.395759106,0.377230853,0.377222359,0.443617284,0.643793285,0.645246208,0.719045043
500.9851074,0.067428082,0.445915729,0.390600801,0.375516027,0.418420404,0.696473599,0.69573319,0.730224907
500.4920044,0.079958029,0.432927877,0.3852081,0.407944351,0.423170716,0.69557941,0.678405523,0.707564354
499.9989014,0.08343409,0.422397971,0.389677674,0.381925732,0.408979029,0.708881438,0.7251333,0.72796911
499.5057068,0.067273796,0.423682809,0.396059156,0.391963154,0.422542274,0.675829172,0.727700353,0.723725438
499.0124207,0.07261271,0.424987644,0.385885835,0.375330538,0.433925986,0.724002838,0.709575474,0.711556673
498.4812317,0.065281689,0.451706439,0.390178502,0.375987828,0.447905809,0.73818934,0.701210022,0.719374955
497.9879456,0.084322482,0.42388472,0.411106885,0.405271351,0.418713778,0.72249794,0.690351486,0.703714073
497.4945068,0.071975656,0.450169295,0.390117556,0.381086916,0.429451823,0.706211627,0.726268172,0.731105089
497.0010681,0.073320776,0.424158514,0.411578864,0.397076875,0.431293696,0.686173439,0.686163843,0.732864142
496.5075989,0.073702283,0.403651327,0.395058602,0.390717655,0.417657495,0.702817202,0.708940744,0.732249737
496.0140686,0.073990837,0.425582767,0.426190436,0.401980817,0.431368589,0.71713984,0.721452773,0.720426858
495.4824829,0.080931924,0.427762002,0.397750288,0.415606529,0.449172944,0.703058362,0.655217767,0.773749352
494.9889221,0.073022872,0.45424068,0.42803219,0.405038625,0.446803153,0.673296273,0.680099726,0.734781921
494.4951782,0.080411918,0.444637269,0.42293486,0.386069179,0.451369911,0.747579515,0.700266659,0.738397896
494.0014038,0.073339291,0.449694514,0.392763048,0.413428247,0.435745388,0.756688535,0.731115401,0.721131086
493.5076294,0.076136276,0.412815988,0.403997868,0.37747851,0.4451316,0.739663363,0.70024401,0.714623094
493.0137634,0.076228604,0.422743678,0.412974596,0.422975302,0.464085221,0.733831286,0.735457778,0.752217829
492.4819031,0.083953336,0.440397471,0.403784335,0.422976166,0.47293818,0.747079909,0.748688757,0.757628679
491.9879456,0.084139861,0.429785669,0.414142042,0.424782544,0.458107114,0.722779632,0.719582498,0.743466675
491.4939575,0.076279975,0.440063745,0.418465227,0.409361661,0.449996531,0.696520388,0.694341242,0.760840476
490.9999084,0.087660678,0.442145079,0.418833226,0.402008802,0.445459813,0.709260523,0.685823679,0.724816918
490.5058594,0.080881312,0.435954034,0.412617266,0.421624273,0.44707796,0.741759241,0.694819629,0.728510976
490.0116882,0.083481021,0.455923379,0.423362076,0.412114918,0.447626025,0.686747313,0.696428061,0.743872345
489.5174866,0.090804271,0.441265315,0.429626048,0.422868043,0.453194737,0.697511673,0.694462538,0.730240941
488.9852295,0.084511817,0.450689316,0.419616222,0.41557762,0.45643121,0.728333473,0.716701686,0.766317487
488.4909058,0.086781591,0.445684195,0.43161878,0.427081436,0.453777492,0.676537335,0.714310885,0.761096954
487.9965515,0.083865844,0.449256569,0.408194721,0.43092835,0.444717139,0.726796329,0.731596828,0.767471075
487.5021057,0.079904355,0.442470044,0.427260369,0.409922361,0.440746039,0.715107143,0.726003766,0.750794172
487.0077209,0.080237135,0.438376308,0.419357956,0.414944261,0.436023116,0.741745234,0.727842152,0.745775819
486.5132141,0.082495697,0.443313688,0.410176665,0.398736626,0.446539581,0.753760755,0.708137095,0.735772491
486.0187073,0.088802435,0.445008814,0.411929488,0.41413942,0.457558721,0.742537081,0.732936978,0.742585301
485.4860229,0.078893393,0.440839142,0.442098469,0.405639976,0.438069493,0.71571672,0.717984676,0.771605432
484.9913635,0.083055787,0.446111351,0.422697306,0.397476167,0.437477857,0.690729737,0.753005266,0.72905618
484.4966431,0.081086963,0.441980928,0.398984551,0.432678491,0.466054797,0.674469113,0.717872381,0.769037366
484.0019531,0.085405476,0.437111765,0.403303921,0.426819652,0.459459752,0.674229145,0.730592609,0.765626311
483.5071106,0.084256575,0.438262373,0.415135533,0.41018796,0.442949981,0.743487358,0.71376574,0.74872756
483.0122681,0.081678286,0.441664457,0.414660215,0.41850239,0.450447202,0.751905501,0.728179455,0.785659134
482.517395,0.087410733,0.450518429,0.432892203,0.411428511,0.42706278,0.726183057,0.721617043,0.76183784
481.9843445,0.086104274,0.442350239,0.404958606,0.411985725,0.442120194,0.697882831,0.730220079,0.74266094
481.4893494,0.098824963,0.428621709,0.415829837,0.415718287,0.453060299,0.701293647,0.676212907,0.76703614
480.9942932,0.085969992,0.426985055,0.418912828,0.428895205,0.452307344,0.777374625,0.713582635,0.787201941
480.4992065,0.086397775,0.445780039,0.416820437,0.41669187,0.42310676,0.728360176,0.735539794,0.797857285
480.0040283,0.089955136,0.467326224,0.422492981,0.443043679,0.463411361,0.700951338,0.7471174,0.759344459
479.5089111,0.09343648,0.446128577,0.416046888,0.419681341,0.417165458,0.736135721,0.742259443,0.814999521
479.0135803,0.085431919,0.467419237,0.428550243,0.416283697,0.461390406,0.72643894,0.717032254,0.755697727
478.5183105,0.086512752,0.460965544,0.428875864,0.430830717,0.46359548,0.73939532,0.747548699,0.76624614
477.9848328,0.087426215,0.461547375,0.425867915,0.450535834,0.442422956,0.696794927,0.728228033,0.770861447
477.4894714,0.087425269,0.456896246,0.43863976,0.441603512,0.456267268,0.801479936,0.744597197,0.78018105
476.9940491,0.09314511,0.474057674,0.433572143,0.439506561,0.44917658,0.82081598,0.729028106,0.800321341
476.4985352,0.092117839,0.467021436,0.446229845,0.457994759,0.451789528,0.732473731,0.76368618,0.818543613
476.0030212,0.097300284,0.459589064,0.424887776,0.436225683,0.482835501,0.778333724,0.776364744,0.802417636
475.5074158,0.087828115,0.469735712,0.453167766,0.444421232,0.47361362,0.776938319,0.774536073,0.768795013
475.0118103,0.094576582,0.454565316,0.438974649,0.444912851,0.48460415,0.805403233,0.750077784,0.809462905
474.5160828,0.095958091,0.465014577,0.453195661,0.47662586,0.476981282,0.775765955,0.78496182,0.820392549
473.9822388,0.103125423,0.46579659,0.435736507,0.46001485,0.452478051,0.798703671,0.7621364,0.797277927
473.4864197,0.088853538,0.476115733,0.45145753,0.440615147,0.4906708,0.77897352,0.817097962,0.813725472
472.9906311,0.100048177,0.465293467,0.459139079,0.423355132,0.516403318,0.796545327,0.747541666,0.796896756
472.4947205,0.093213603,0.462733865,0.443609148,0.448174179,0.472821295,0.832801342,0.85396713,0.802373469
471.9987793,0.096206255,0.494428039,0.466785282,0.470139444,0.486209899,0.803078532,0.760147512,0.777127087
471.5028076,0.104326889,0.502589643,0.458999544,0.465768695,0.486262351,0.797026038,0.777484059,0.846222818
471.0068054,0.083983324,0.503093779,0.443902701,0.471032441,0.517280042,0.878041208,0.756931484,0.918192685
470.5107117,0.104678005,0.526171446,0.459696144,0.478431284,0.517627001,0.852092147,0.742815316,0.871387959
470.0146179,0.09743017,0.494621009,0.467355162,0.450655013,0.478794366,0.884524405,0.827330947,0.857082307
469.5184021,0.109588571,0.497591853,0.483641833,0.485072404,0.495355994,0.816544652,0.836356342,0.815824926
468.9840088,0.097046576,0.503133416,0.487696081,0.468672693,0.514808357,0.797553957,0.883339584,0.884284794
468.487793,0.111417465,0.513644099,0.484811038,0.461002767,0.52510941,0.92274636,0.825885594,0.899752438
467.9914246,0.097029328,0.527623713,0.487959802,0.475644112,0.495292574,0.830840111,0.850070357,0.973490894
467.4950867,0.108771496,0.520000398,0.457706511,0.490719378,0.520357251,0.899854899,0.841553569,0.898293495
466.9986877,0.117066257,0.527663469,0.488937378,0.50189352,0.499903172,0.900260329,0.849366844,0.862173677
466.5021973,0.106076904,0.507086098,0.482720524,0.489977062,0.519488096,0.919828415,0.924939096,0.912135065
466.0057373,0.107985236,0.518263817,0.47713995,0.497775108,0.533442974,0.790294766,0.916274369,0.843110979
465.5091553,0.126535386,0.50515604,0.501313031,0.497085035,0.531336367,0.880403519,0.822523713,0.910518706
465.0125122,0.09801016,0.520465672,0.501500607,0.502947867,0.535287559,0.915165782,0.886142135,0.895001471
464.5159302,0.113751233,0.511488855,0.526005387,0.504932702,0.556553066,0.87442404,0.872458279,0.948638499
463.9810181,0.103907727,0.552675247,0.505975068,0.503239155,0.54712981,0.906171203,0.818339467,0.893856525
463.4842529,0.122045614,0.544434071,0.526578248,0.492726326,0.545885861,0.916840434,0.926428378,0.936702132
462.9874268,0.110359117,0.531657755,0.493555993,0.48435235,0.576004386,0.915802002,0.922609985,0.901747227
462.4906616,0.113828369,0.551884055,0.512994111,0.518026233,0.520323873,0.884276867,0.918844879,0.951266646
461.9937439,0.111614339,0.512512684,0.510507405,0.510683656,0.569001198,0.860549212,0.906358481,0.895663619
461.4968567,0.103092864,0.528140664,0.517224729,0.508505285,0.530834794,0.911991239,0.873193026,0.890632689
460.9997864,0.117689587,0.554631174,0.528166533,0.521983981,0.577616394,0.96839571,1.002503395,0.960806191
460.5027161,0.113451771,0.550869942,0.518791974,0.533919394,0.54265362,0.922003746,0.852947235,0.938684523
460.0057068,0.114044547,0.566089213,0.525593638,0.530826926,0.542173505,0.955108166,0.929247856,0.908789098
459.5085449,0.116273031,0.569623768,0.519607246,0.525598764,0.537645102,1.010775447,0.958700597,0.972917676
459.0113831,0.113317668,0.552448392,0.525059283,0.532685697,0.565577686,0.907544971,0.932921827,0.937642455
458.5141907,0.119858779,0.575512767,0.529203236,0.521355689,0.55523026,0.98184067,0.884376466,0.955439568
458.0169373,0.110669717,0.589591444,0.538044393,0.522418737,0.565158784,0.969161511,0.965645552,0.934758186
457.4813232,0.117762402,0.532520115,0.537087143,0.522018433,0.569199562,0.939546347,0.88418144,0.938626826
456.9839783,0.124676645,0.593365252,0.52628839,0.565713406,0.561163425,0.971272051,0.967808902,0.951276541
456.4865723,0.117260754,0.568319023,0.564104497,0.562070727,0.561243832,0.908468723,0.973827362,1.102436185
455.9891663,0.10929735,0.572075307,0.565121532,0.546608567,0.591513574,0.953991652,0.898336291,0.948588073
455.4916687,0.11720138,0.583059251,0.541130066,0.556395114,0.589126408,0.901844263,0.946980953,1.034059405
454.9941101,0.129796609,0.592548609,0.530089498,0.532688081,0.609378099,0.939675689,0.906018734,0.996286333
454.49646,0.125627473,0.586989939,0.570040703,0.539081216,0.593063295,0.915030301,0.920051396,0.93751806
453.9988708,0.123094127,0.582751632,0.546718419,0.564399481,0.578320801,0.854272962,1.075965643,1.011610866
453.5011902,0.118022732,0.602096736,0.550550938,0.555397511,0.605687678,1.017458916,0.994252801,0.962952495
453.0034485,0.119213969,0.586850822,0.560846031,0.57182008,0.598839164,0.914655268,0.966340661,1.001693606
452.5056458,0.125660688,0.613336682,0.575834096,0.592598915,0.574078858,1.006012559,0.978371918,0.979795754
452.0078735,0.120431438,0.597061575,0.575238287,0.584144175,0.555474639,0.967108369,0.970203936,1.049268961
451.5099182,0.125441492,0.593946934,0.589819133,0.565636277,0.609378636,1.050795436,1.021916032,0.982833266
451.012085,0.118022628,0.603353441,0.610293388,0.587222815,0.607082367,0.895758092,1.096766114,1.067162633
450.5140991,0.131461978,0.61625886,0.591393948,0.564798117,0.62969017,0.974241614,0.911407113,1.051897526
450.0161133,0.135083064,0.616032541,0.564954519,0.57185477,0.618576229,1.007703662,0.948388338,1.042095423
449.5180359,0.123571731,0.636953652,0.555776537,0.600200355,0.59390527,1.04457581,0.980365813,1.00667274
448.9816284,0.118297935,0.622676194,0.62188828,0.629089832,0.61757648,1.007262588,0.982342005,1.063495636
448.48349,0.118253648,0.640737355,0.576276958,0.582454264,0.623080552,0.992461562,1.001599669,0.994259954
447.98526,0.126879364,0.635551035,0.605960846,0.595561802,0.633749604,1.010644674,0.961488664,0.995087743
447.48703,0.122852586,0.636623085,0.600941718,0.602314055,0.637450635,1.06701839,1.087272525,1.079331994
446.9887695,0.13548702,0.635941207,0.613089263,0.630349875,0.646471441,1.096387029,1.001118064,1.054516912
446.490448,0.126162902,0.656425178,0.587601304,0.638857305,0.637646914,1.024597526,1.073871255,1.095785856
445.9920044,0.121614687,0.684682071,0.613923311,0.63523984,0.631647468,1.023413181,0.987533093,1.060757518
445.4935913,0.12499807,0.651120961,0.632392526,0.613894343,0.656806231,1.091075897,0.99209708,1.098582268
444.9951172,0.130980104,0.659303129,0.627116859,0.590846419,0.65564841,1.069564939,0.976079702,1.039991617
444.4966736,0.130243391,0.643432617,0.641370177,0.654308915,0.674406707,1.124059796,1.115740895,1.115551472
443.9981079,0.133665606,0.713722169,0.621999621,0.623941779,0.678592503,1.062501907,1.056425333,1.091675997
443.4994812,0.130329624,0.679921269,0.610151291,0.621166766,0.626188994,0.969917417,1.060345888,1.079975009
443.000885,0.129154623,0.69763881,0.666868925,0.672357142,0.662813902,1.064319968,1.107328534,1.024649858
442.5021057,0.130086303,0.683164716,0.649100125,0.640560985,0.663293123,1.112808466,1.12224412,1.119196892
442.0033875,0.130338609,0.699589431,0.640625298,0.674008489,0.627308667,1.151165247,1.113543987,1.147322655
441.5046082,0.130247787,0.667025268,0.637840271,0.638751149,0.658585131,0.992435634,1.037840605,1.164525628
441.0057983,0.122573726,0.687842488,0.635055542,0.674064517,0.661387086,1.010534644,0.9916206,1.235364199
440.5069275,0.146960393,0.731010974,0.648565948,0.663477361,0.715855956,1.072452068,0.970206559,1.135059595
440.0080261,0.135212004,0.72189045,0.674567938,0.69117254,0.680652797,1.065266013,1.003328562,1.113883972
439.5090637,0.118412361,0.690684021,0.648863375,0.665629268,0.677985787,1.108688712,1.064742088,1.077935576
439.0100403,0.145095497,0.700158536,0.69770813,0.654577017,0.69174701,1.052481294,1.149202108,1.137870431
438.5109863,0.14136593,0.751808405,0.658989966,0.688857079,0.741721451,1.046041012,1.067976713,1.118052602
438.0118713,0.130899191,0.684025645,0.680100918,0.698710144,0.717589736,1.05563581,1.101286769,1.00584209
437.5127258,0.132069096,0.727787793,0.650413156,0.680854917,0.706602633,1.038853765,1.124432802,1.156769395
437.0135803,0.138542324,0.693292797,0.657180965,0.658201695,0.637230218,1.10934329,1.053624511,1.16759789
436.5143433,0.142761767,0.69467628,0.664759755,0.692042232,0.69014138,1.107417464,1.14262557,1.146777272
436.0150452,0.129453689,0.707655847,0.665509403,0.66674006,0.67227304,0.993688583,1.138118982,1.13864255
435.5157166,0.140317544,0.669322133,0.644000232,0.656833112,0.669854641,1.049185634,1.168179393,1.147039533
435.0163879,0.13539359,0.704965591,0.671114385,0.683007181,0.663694143,1.105273366,1.170109272,1.151196003
434.5169373,0.139080957,0.68017298,0.625342369,0.694666207,0.690185487,1.04798305,1.080912948,1.103590608
434.0175171,0.146512702,0.728313267,0.664047182,0.644169152,0.619534433,1.127888441,1.05885756,1.158626795
433.5180054,0.141950205,0.691711843,0.685577273,0.602332592,0.694444001,1.078877449,1.07480371,1.131546736
433.0184937,0.13847521,0.637202084,0.657650292,0.693990171,0.683505535,1.04059279,1.012417316,1.113379955
432.5189209,0.131683812,0.708337963,0.677307069,0.639008343,0.698839486,1.065959334,1.131539226,1.110840678
431.980835,0.143766478,0.694532037,0.644563854,0.653760672,0.688613653,0.987249017,1.025818706,1.166924834
431.4811707,0.134983271,0.675753057,0.622883618,0.62774837,0.716785014,1.133294582,0.969863117,1.170270205
430.9814453,0.140934259,0.663032889,0.634864867,0.671740294,0.629743516,1.012397289,1.017194152,1.11006403
430.4816589,0.132003173,0.693486214,0.646426618,0.653188229,0.696513891,1.185248971,1.023033857,1.041543961
429.981842,0.151084781,0.698111653,0.607400715,0.620352447,0.651674449,1.14415729,0.96117717,1.045687914
429.4819946,0.140221119,0.699510396,0.624737799,0.621895492,0.656224668,1.037061095,1.012336612,1.066105008
428.9821472,0.149967,0.67973578,0.608219266,0.646441579,0.663665891,0.988722086,1.016144872,1.019358635
428.4821777,0.143476427,0.66455102,0.62212348,0.618053436,0.663749933,1.000865579,1.091935396,0.984757483
427.9822083,0.143275008,0.652348936,0.609840632,0.637188613,0.653093278,1.126994252,0.979774892,1.110858917
427.4821472,0.148599818,0.679267347,0.633643508,0.61885953,0.630265594,1.012306809,1.064174652,1.069274783
426.9820557,0.152057156,0.676989496,0.632575274,0.640553772,0.679179072,1.134837866,1.00751853,1.065966487
426.4819641,0.145178989,0.694518626,0.616030395,0.645178735,0.637361109,1.117411733,0.926086426,1.074213266
425.981842,0.154079199,0.691726744,0.630751371,0.63550365,0.64335531,0.989211798,1.024802089,0.981894136
425.4816284,0.148354247,0.665631771,0.622172952,0.629312754,0.623808622,0.983654201,1.045256376,1.01221776
424.9814148,0.151478246,0.663146377,0.659035265,0.625933886,0.631738126,1.01088655,0.968250155,1.080304027
424.4811096,0.156388626,0.648525059,0.637294114,0.622929871,0.659745097,1.090741277,1.022128582,1.043581367
424.0192566,0.152056977,0.6666978,0.60745573,0.645656467,0.651482463,1.032868266,1.058926344,1.022892833
423.5188904,0.15532285,0.672747076,0.618026555,0.615617991,0.633444965,1.029917955,1.051570654,0.987156749
423.0184326,0.148216575,0.639192045,0.619693577,0.632169128,0.631994605,0.982583046,1.062691569,1.056688786
422.5179749,0.157242775,0.666414857,0.625623882,0.624820292,0.622579813,1.083200932,1.007020235,1.067469001
422.0175171,0.168395296,0.637873948,0.620873451,0.614303231,0.63814503,0.93228364,1.056381464,1.02512753
421.5170288,0.154143766,0.637555361,0.618807614,0.641422033,0.665636778,0.986179292,1.017693639,1.023504853
421.0163879,0.157006443,0.637584031,0.623927832,0.584617734,0.60972786,0.988151491,0.962079644,0.993788838
420.5157776,0.162382871,0.645314813,0.611689568,0.622049391,0.636789799,0.984517813,0.993472934,1.021834612
420.0150757,0.166337982,0.663908362,0.612139523,0.64634645,0.644433498,1.000785708,1.050836563,1.017010212
419.5143433,0.164975911,0.670075953,0.59254241,0.609272659,0.679301143,1.01439786,0.926438808,1.039433599
419.0136108,0.148318321,0.621402264,0.602123797,0.601716101,0.644529879,0.96221298,1.014767289,1.110640645
418.5128174,0.162789166,0.645283043,0.603967309,0.603352666,0.620672703,0.970396578,1.005219936,1.017054915
418.0119629,0.162234217,0.635440886,0.620456755,0.596506178,0.626336038,0.963724494,1.018550992,1.043833375
417.5110779,0.165374473,0.636967778,0.622338831,0.582517147,0.64456147,0.97614491,0.941765785,1.061779022
417.0101929,0.163738608,0.629449546,0.607586622,0.594832659,0.627289116,0.892652333,1.041494846,1.104335189
416.5092163,0.169789776,0.644385934,0.618783772,0.607540548,0.645899236,0.977600157,0.98373884,1.004871011
416.0081787,0.165945441,0.666427136,0.610877812,0.593776524,0.623089016,1.031996012,0.927386224,1.01450932
415.5071411,0.164327189,0.655973434,0.622557342,0.640618265,0.594332933,1.010200024,0.965537429,0.985569477
415.006012,0.161316201,0.672332943,0.62920934,0.617539764,0.64426136,1.037147284,1.015690804,1.057086349
414.5048828,0.178196013,0.606116056,0.585834742,0.611217558,0.62295109,0.876308441,0.957357526,1.041847348
414.0037537,0.168154389,0.627768338,0.577197254,0.58545357,0.590404213,0.950449526,0.883895636,1.099153757
413.502533,0.171837166,0.670163155,0.593642414,0.621248305,0.627869844,0.965917409,0.957390845,1.017763853
413.0012512,0.162763298,0.618102253,0.596630454,0.58902508,0.599411368,0.956147492,0.957033038,0.980365098
412.4999695,0.187487513,0.618650198,0.59524399,0.597631276,0.603331268,0.974137425,0.931140244,1.004121661
411.9985352,0.179066896,0.665262103,0.597422183,0.602550566,0.601676464,0.91220063,0.983608186,0.982315958
411.4971619,0.169963792,0.633517265,0.601221681,0.567107499,0.623827815,0.968395591,0.957141459,1.015282154
410.9957581,0.184439555,0.609936297,0.610388696,0.591406226,0.602041304,0.982334077,0.939647138,0.984781265
410.4942932,0.174177006,0.612475753,0.607003927,0.595589161,0.614424408,0.936016619,0.931757093,1.023085713
409.9927673,0.182690054,0.640390456,0.570533395,0.595393777,0.578877807,0.998383403,0.946144819,0.965590596
409.4912415,0.176516786,0.59926641,0.571715832,0.575251043,0.596245229,0.868245125,0.890053093,0.957079887
408.989624,0.17870307,0.583488643,0.572124004,0.581848025,0.587064207,0.931047261,0.996869683,0.987442017
408.4879761,0.176698759,0.601437211,0.556629717,0.606177032,0.575803697,1.007321119,0.890368462,0.971725285
407.9862671,0.187631041,0.640374422,0.582816064,0.539896309,0.570878565,0.875611603,0.941931486,0.935120642
407.4845581,0.169420064,0.587016821,0.581627548,0.573687017,0.596787393,0.944674671,0.982931614,0.980484366
406.9827881,0.188782588,0.595594704,0.578195691,0.576338232,0.620048344,0.943079174,0.886432052,0.912915766
406.4810181,0.194247723,0.614487052,0.562892497,0.576078236,0.595179975,0.926113725,0.867981732,0.903145552
406.0177307,0.189278677,0.60455817,0.563685834,0.542825699,0.547626674,0.922413111,0.966963708,0.905523539
405.5158386,0.179914504,0.601201952,0.563496053,0.547301054,0.544386387,0.885978997,0.909636617,0.9172948
405.0139465,0.183616072,0.572511911,0.586417317,0.542324483,0.585425377,0.911926329,0.921510875,0.90038389
404.5119629,0.190131098,0.567400634,0.541444004,0.559450865,0.572649539,0.886292338,0.928099632,0.941709995
404.0099487,0.192070082,0.593825758,0.552210391,0.539804936,0.545325041,0.882272959,0.841343939,0.88589102
403.5079346,0.193678245,0.538377881,0.511309147,0.571813405,0.55385524,0.850510776,0.89630425,0.906989217
403.0058289,0.187215194,0.590604067,0.54750061,0.569314838,0.563473463,0.930893242,0.8969661,0.906391501
402.5037231,0.181740522,0.551720917,0.562317312,0.548606932,0.554505289,0.919944048,0.864736497,0.904469669
402.0014954,0.198231742,0.575731158,0.547303021,0.532929301,0.554623127,0.889384627,0.880374134,0.875605941
401.4992981,0.183431923,0.567801833,0.533430755,0.559212029,0.559602916,0.913890123,0.855458319,0.902909577
400.9970398,0.2017124,0.527159035,0.537114561,0.547084093,0.565902829,0.844093025,0.870336831,0.905908346
400.494751,0.206384003,0.582929254,0.530829907,0.507203043,0.574454248,0.861355543,0.911762178,0.904322505
399.9924011,0.203624785,0.589052081,0.531469524,0.553605199,0.561061978,0.869336486,0.921747744,0.938497365
399.4900208,0.19673945,0.571778476,0.501922071,0.535615087,0.559575081,0.872148275,0.883409083,0.864034236
398.9876099,0.196624681,0.5307374,0.516065538,0.502757728,0.567328334,0.839969337,0.803642929,0.924022317
398.4851379,0.193873748,0.547234833,0.557534218,0.515958548,0.568406642,0.920833647,0.854038239,0.942240179
397.9826355,0.215956047,0.567237496,0.508693755,0.507057965,0.539697647,0.83514601,0.833150566,0.803095341
397.5187378,0.196626708,0.537628055,0.551349044,0.523397207,0.547862947,0.838955641,0.809824586,0.902007818
397.0161743,0.205623016,0.544290364,0.49953121,0.545707285,0.524103522,0.908595741,0.874351025,0.935654759
396.5135803,0.199020594,0.56626612,0.581804276,0.538185597,0.555971205,0.852984071,0.837233543,0.826955259
396.0108643,0.198482364,0.577374876,0.52532655,0.523127496,0.565095544,0.817902982,0.839757621,0.855237484
395.5081787,0.201658368,0.555307686,0.512675703,0.547097862,0.547996223,0.812146902,0.905147374,0.885308445
395.0054321,0.201260135,0.528967142,0.507250071,0.539633453,0.552338958,0.832883,0.831859469,0.858608782
394.5027161,0.199413046,0.593059957,0.522964418,0.520878196,0.545371711,0.812563658,0.817591488,0.841642976
393.9998474,0.203307256,0.544619203,0.517884016,0.532620013,0.518170059,0.863156438,0.855851829,0.909303665
393.4969788,0.213620961,0.544238925,0.531184971,0.499037594,0.552752197,0.937781513,0.798979104,0.803977013
392.9940796,0.216937184,0.566395104,0.523396134,0.51663065,0.526222825,0.817991674,0.811146915,0.845134139
392.4911804,0.194357947,0.558419168,0.499821544,0.535537899,0.516339004,0.814540684,0.834043562,0.812958777
391.9881592,0.201889828,0.561438978,0.515708864,0.501557589,0.544370234,0.835254073,0.868060291,0.868124485
391.4851685,0.206160769,0.544225812,0.52091378,0.514599681,0.583565593,0.791829944,0.890157461,0.835947454
390.9820862,0.202336773,0.532969594,0.52347368,0.503264487,0.540683389,0.836055815,0.804644406,0.848834276
390.5177002,0.224409223,0.541610539,0.536276221,0.521395564,0.559450448,0.848056614,0.817729592,0.88472116
390.0145569,0.20616959,0.542824209,0.535916865,0.543244183,0.508061409,0.822603524,0.870913982,0.924592733
389.5113831,0.209578857,0.546110094,0.540005565,0.491967976,0.557508469,0.875786424,0.824947476,0.832099259
389.0081482,0.212505892,0.547545612,0.492341846,0.518164516,0.538852632,0.821621835,0.820070088,0.889753521
388.5049133,0.21386458,0.56739533,0.514859438,0.538624287,0.522184908,0.828588903,0.79845053,0.865792811
388.0016479,0.207851872,0.538973332,0.528886914,0.508336723,0.532453597,0.76146251,0.84173584,0.808168232
387.498291,0.213841155,0.533186317,0.522637188,0.482557446,0.524162829,0.872228086,0.824256897,0.822538793
386.9949036,0.226657435,0.540436208,0.526946604,0.531602621,0.540489435,0.822946906,0.837098718,0.912693918
386.4914856,0.211754933,0.513183177,0.554353714,0.520388782,0.541920006,0.825524688,0.796816707,0.810425937
385.9880371,0.222640738,0.517823637,0.537954986,0.550964654,0.50166148,0.852968395,0.840455353,0.84878087
385.4845276,0.224577695,0.541224539,0.49525407,0.484368354,0.541938543,0.855719626,0.850413144,0.900512517
384.9810486,0.20851852,0.536197364,0.541780055,0.525692761,0.533317208,0.85494554,0.798585534,0.887429535
384.5161743,0.223832578,0.53643465,0.540946007,0.529400706,0.527975559,0.911487997,0.852274716,0.866832256
384.0125732,0.226131424,0.501758814,0.481703997,0.500268459,0.510883331,0.845930874,0.796628356,0.859017849
383.5089417,0.224945918,0.536775291,0.506154001,0.512281537,0.528883636,0.847794652,0.777023375,0.87209934
383.0052185,0.230447978,0.532298148,0.520932794,0.518588364,0.554789841,0.805682302,0.776313782,0.852338255
382.5015259,0.226569325,0.512622476,0.508416712,0.5150159,0.508430779,0.836705267,0.789132893,0.806887984
381.9977417,0.231887952,0.538883388,0.529496849,0.497597486,0.527020574,0.790620208,0.85179317,0.789209843
381.493927,0.229400843,0.549555004,0.524977148,0.513295114,0.492011935,0.816191554,0.785939515,0.778960109
380.9900818,0.232548267,0.532596469,0.544574678,0.506023765,0.539093435,0.774841189,0.876182258,0.79908073
380.4862366,0.225976393,0.536143422,0.535186887,0.505767345,0.528502226,0.846791685,0.744633257,0.835696638
379.9822998,0.233541772,0.534647405,0.514326394,0.554617465,0.53032738,0.841754556,0.763616502,0.887520611
379.5171204,0.252501279,0.534429014,0.522419035,0.513279557,0.521883845,0.829952657,0.783372819,0.795255065
379.0131531,0.232824504,0.550728738,0.539239347,0.492843777,0.538570106,0.810575068,0.768126428,0.839363515
378.5090942,0.224627838,0.51716733,0.527765274,0.49933508,0.497954756,0.735986769,0.786185086,0.844976604
378.0050354,0.246951446,0.484260023,0.496649712,0.471646488,0.543015361,0.828713536,0.777227819,0.826761186
377.500946,0.250094742,0.533315122,0.533247709,0.491557539,0.527100146,0.788354158,0.784547687,0.784462631
376.9967957,0.237043172,0.541352391,0.508419871,0.501623035,0.512191415,0.799357355,0.745533228,0.805929244
376.4926147,0.243124604,0.509743571,0.490206301,0.478174835,0.526510358,0.815855086,0.763119519,0.809155583
375.9883728,0.242778167,0.500433087,0.480173498,0.487984061,0.487116963,0.835062683,0.760082781,0.788256586
375.4841309,0.241779059,0.538011134,0.478099972,0.480276942,0.498202026,0.789840639,0.759278357,0.765989363
375.0185852,0.244441763,0.549288869,0.497825444,0.50320226,0.522408187,0.667440474,0.761009038,0.77079612
